date,jobcountry,indeed_job_postings_index_SA,indeed_job_postings_index_NSA,variable
2020-02-01,US,100,100,total postings
2020-02-02,US,99.98,100.06,total postings
2020-02-03,US,99.97,100.09,total postings
2020-02-04,US,100.03,100.18,total postings
2020-02-05,US,100.12,100.29,total postings
2020-02-06,US,100.24,100.44,total postings
2020-02-07,US,100.2,100.44,total postings
2020-02-08,US,100.24,100.54,total postings
2020-02-09,US,100.23,100.61,total postings
2020-02-10,US,100.26,100.76,total postings
2020-02-11,US,100.23,100.85,total postings
2020-02-12,US,100.19,100.94,total postings
2020-02-13,US,100.12,100.99,total postings
2020-02-14,US,100.09,101.07,total postings
2020-02-15,US,99.8,100.87,total postings
2020-02-16,US,99.61,100.78,total postings
2020-02-17,US,99.39,100.64,total postings
2020-02-18,US,99.21,100.56,total postings
2020-02-19,US,98.98,100.45,total postings
2020-02-20,US,98.75,100.37,total postings
2020-02-21,US,98.54,100.32,total postings
2020-02-22,US,98.45,100.4,total postings
2020-02-23,US,98.41,100.51,total postings
2020-02-24,US,98.35,100.62,total postings
2020-02-25,US,98.3,100.76,total postings
2020-02-26,US,98.31,100.92,total postings
2020-02-27,US,98.36,101.09,total postings
2020-02-28,US,98.4,101.26,total postings
2020-02-29,US,98.54,101.53,total postings
2020-03-01,US,98.56,101.67,total postings
2020-03-02,US,98.59,101.81,total postings
2020-03-03,US,98.55,101.86,total postings
2020-03-04,US,98.44,101.85,total postings
2020-03-05,US,98.31,101.82,total postings
2020-03-06,US,98.18,101.78,total postings
2020-03-07,US,98.05,101.75,total postings
2020-03-08,US,97.94,101.73,total postings
2020-03-09,US,97.77,101.64,total postings
2020-03-10,US,97.7,101.66,total postings
2020-03-11,US,97.64,101.67,total postings
2020-03-12,US,97.54,101.63,total postings
2020-03-13,US,97.34,101.49,total postings
2020-03-14,US,97.1,101.31,total postings
2020-03-15,US,96.82,101.08,total postings
2020-03-16,US,96.6,100.92,total postings
2020-03-17,US,96.04,100.41,total postings
2020-03-18,US,95.34,99.76,total postings
2020-03-19,US,94.52,98.97,total postings
2020-03-20,US,93.49,98,total postings
2020-03-21,US,92.09,96.63,total postings
2020-03-22,US,90.82,95.41,total postings
2020-03-23,US,89.45,94.09,total postings
2020-03-24,US,88.17,92.89,total postings
2020-03-25,US,86.84,91.62,total postings
2020-03-26,US,85.46,90.32,total postings
2020-03-27,US,83.97,88.87,total postings
2020-03-28,US,82.77,87.7,total postings
2020-03-29,US,81.47,86.38,total postings
2020-03-30,US,80.26,85.14,total postings
2020-03-31,US,79.04,83.86,total postings
2020-04-01,US,77.8,82.54,total postings
2020-04-02,US,76.61,81.24,total postings
2020-04-03,US,75.71,80.26,total postings
2020-04-04,US,74.55,79.02,total postings
2020-04-05,US,73.32,77.74,total postings
2020-04-06,US,72.22,76.62,total postings
2020-04-07,US,71.1,75.48,total postings
2020-04-08,US,70.26,74.68,total postings
2020-04-09,US,69.42,73.9,total postings
2020-04-10,US,68.53,73.06,total postings
2020-04-11,US,67.96,72.55,total postings
2020-04-12,US,67.41,72.05,total postings
2020-04-13,US,66.79,71.45,total postings
2020-04-14,US,66.31,70.98,total postings
2020-04-15,US,65.73,70.38,total postings
2020-04-16,US,65.24,69.86,total postings
2020-04-17,US,64.79,69.37,total postings
2020-04-18,US,64.43,68.96,total postings
2020-04-19,US,64.07,68.56,total postings
2020-04-20,US,63.8,68.24,total postings
2020-04-21,US,63.52,67.93,total postings
2020-04-22,US,63.25,67.63,total postings
2020-04-23,US,63.01,67.37,total postings
2020-04-24,US,62.8,67.15,total postings
2020-04-25,US,62.64,66.99,total postings
2020-04-26,US,62.48,66.85,total postings
2020-04-27,US,62.24,66.64,total postings
2020-04-28,US,62.01,66.44,total postings
2020-04-29,US,61.83,66.29,total postings
2020-04-30,US,61.69,66.19,total postings
2020-05-01,US,61.6,66.13,total postings
2020-05-02,US,61.43,65.98,total postings
2020-05-03,US,61.26,65.82,total postings
2020-05-04,US,61.11,65.66,total postings
2020-05-05,US,61.04,65.58,total postings
2020-05-06,US,61.03,65.57,total postings
2020-05-07,US,61.02,65.55,total postings
2020-05-08,US,61.07,65.61,total postings
2020-05-09,US,61.26,65.82,total postings
2020-05-10,US,61.47,66.06,total postings
2020-05-11,US,61.62,66.24,total postings
2020-05-12,US,61.75,66.4,total postings
2020-05-13,US,61.52,66.19,total postings
2020-05-14,US,61.57,66.27,total postings
2020-05-15,US,61.76,66.5,total postings
2020-05-16,US,61.78,66.55,total postings
2020-05-17,US,61.83,66.61,total postings
2020-05-18,US,61.91,66.71,total postings
2020-05-19,US,61.99,66.8,total postings
2020-05-20,US,62.42,67.26,total postings
2020-05-21,US,62.7,67.55,total postings
2020-05-22,US,62.83,67.68,total postings
2020-05-23,US,63.06,67.94,total postings
2020-05-24,US,63.22,68.12,total postings
2020-05-25,US,63.38,68.29,total postings
2020-05-26,US,63.5,68.42,total postings
2020-05-27,US,63.61,68.53,total postings
2020-05-28,US,63.62,68.51,total postings
2020-05-29,US,63.79,68.65,total postings
2020-05-30,US,64.1,68.91,total postings
2020-05-31,US,64.36,69.09,total postings
2020-06-01,US,64.6,69.22,total postings
2020-06-02,US,64.91,69.44,total postings
2020-06-03,US,65.23,69.68,total postings
2020-06-04,US,65.61,69.99,total postings
2020-06-05,US,65.86,70.2,total postings
2020-06-06,US,66.05,70.36,total postings
2020-06-07,US,66.3,70.62,total postings
2020-06-08,US,66.56,70.91,total postings
2020-06-09,US,66.83,71.23,total postings
2020-06-10,US,67.07,71.52,total postings
2020-06-11,US,67.31,71.83,total postings
2020-06-12,US,67.54,72.1,total postings
2020-06-13,US,67.78,72.38,total postings
2020-06-14,US,68.14,72.77,total postings
2020-06-15,US,68.5,73.18,total postings
2020-06-16,US,68.86,73.57,total postings
2020-06-17,US,69.23,73.95,total postings
2020-06-18,US,69.61,74.34,total postings
2020-06-19,US,70.03,74.77,total postings
2020-06-20,US,70.5,75.25,total postings
2020-06-21,US,70.97,75.73,total postings
2020-06-22,US,71.46,76.21,total postings
2020-06-23,US,71.67,76.38,total postings
2020-06-24,US,71.92,76.57,total postings
2020-06-25,US,72.15,76.77,total postings
2020-06-26,US,72.34,76.92,total postings
2020-06-27,US,72.4,76.93,total postings
2020-06-28,US,72.41,76.88,total postings
2020-06-29,US,72.46,76.87,total postings
2020-06-30,US,72.77,77.14,total postings
2020-07-01,US,73.06,77.36,total postings
2020-07-02,US,73.3,77.49,total postings
2020-07-03,US,73.58,77.63,total postings
2020-07-04,US,73.86,77.77,total postings
2020-07-05,US,74.13,77.88,total postings
2020-07-06,US,74.36,77.96,total postings
2020-07-07,US,74.57,78.02,total postings
2020-07-08,US,74.87,78.21,total postings
2020-07-09,US,75.26,78.52,total postings
2020-07-10,US,75.62,78.85,total postings
2020-07-11,US,76.03,79.25,total postings
2020-07-12,US,76.43,79.64,total postings
2020-07-13,US,76.79,80.01,total postings
2020-07-14,US,77.22,80.46,total postings
2020-07-15,US,77.49,80.75,total postings
2020-07-16,US,77.69,80.97,total postings
2020-07-17,US,77.87,81.17,total postings
2020-07-18,US,77.89,81.21,total postings
2020-07-19,US,78.06,81.42,total postings
2020-07-20,US,78.24,81.65,total postings
2020-07-21,US,78.37,81.85,total postings
2020-07-22,US,78.61,82.14,total postings
2020-07-23,US,78.87,82.46,total postings
2020-07-24,US,79.26,82.9,total postings
2020-07-25,US,79.77,83.49,total postings
2020-07-26,US,80.14,83.92,total postings
2020-07-27,US,80.5,84.33,total postings
2020-07-28,US,80.85,84.72,total postings
2020-07-29,US,81.16,85.08,total postings
2020-07-30,US,81.47,85.43,total postings
2020-07-31,US,81.64,85.62,total postings
2020-08-01,US,81.74,85.74,total postings
2020-08-02,US,81.84,85.87,total postings
2020-08-03,US,81.98,86.02,total postings
2020-08-04,US,82.03,86.09,total postings
2020-08-05,US,82.13,86.23,total postings
2020-08-06,US,82.12,86.27,total postings
2020-08-07,US,82.12,86.33,total postings
2020-08-08,US,82.11,86.4,total postings
2020-08-09,US,82.09,86.47,total postings
2020-08-10,US,82.03,86.51,total postings
2020-08-11,US,82.08,86.66,total postings
2020-08-12,US,81.96,86.63,total postings
2020-08-13,US,81.91,86.65,total postings
2020-08-14,US,81.9,86.72,total postings
2020-08-15,US,81.8,86.67,total postings
2020-08-16,US,81.86,86.8,total postings
2020-08-17,US,81.91,86.9,total postings
2020-08-18,US,81.9,86.95,total postings
2020-08-19,US,82.03,87.13,total postings
2020-08-20,US,82.19,87.36,total postings
2020-08-21,US,82.28,87.5,total postings
2020-08-22,US,82.55,87.82,total postings
2020-08-23,US,82.64,87.95,total postings
2020-08-24,US,82.77,88.1,total postings
2020-08-25,US,82.95,88.3,total postings
2020-08-26,US,83.11,88.45,total postings
2020-08-27,US,83.21,88.53,total postings
2020-08-28,US,83.37,88.65,total postings
2020-08-29,US,83.56,88.79,total postings
2020-08-30,US,83.78,88.96,total postings
2020-09-01,US,83.95,89.07,total postings
2020-09-02,US,84.11,89.15,total postings
2020-09-03,US,84.26,89.22,total postings
2020-09-04,US,84.45,89.33,total postings
2020-09-05,US,84.48,89.27,total postings
2020-09-06,US,84.65,89.35,total postings
2020-09-07,US,84.69,89.29,total postings
2020-09-08,US,84.76,89.3,total postings
2020-09-09,US,84.88,89.37,total postings
2020-09-10,US,85.07,89.52,total postings
2020-09-11,US,85.3,89.74,total postings
2020-09-12,US,85.46,89.91,total postings
2020-09-13,US,85.56,90.01,total postings
2020-09-14,US,85.71,90.16,total postings
2020-09-15,US,85.97,90.43,total postings
2020-09-16,US,86.21,90.67,total postings
2020-09-17,US,86.4,90.88,total postings
2020-09-18,US,86.57,91.07,total postings
2020-09-19,US,86.74,91.27,total postings
2020-09-20,US,86.97,91.55,total postings
2020-09-21,US,87.13,91.77,total postings
2020-09-22,US,87.31,92.03,total postings
2020-09-23,US,87.5,92.29,total postings
2020-09-24,US,87.65,92.49,total postings
2020-09-25,US,87.81,92.69,total postings
2020-09-26,US,87.97,92.87,total postings
2020-09-27,US,88.13,93.01,total postings
2020-09-28,US,88.38,93.22,total postings
2020-09-29,US,88.66,93.41,total postings
2020-09-30,US,88.93,93.56,total postings
2020-10-01,US,89.09,93.59,total postings
2020-10-02,US,89.25,93.62,total postings
2020-10-03,US,89.47,93.73,total postings
2020-10-04,US,89.65,93.8,total postings
2020-10-05,US,89.8,93.87,total postings
2020-10-06,US,89.85,93.86,total postings
2020-10-07,US,89.93,93.94,total postings
2020-10-08,US,90.17,94.2,total postings
2020-10-09,US,90.41,94.47,total postings
2020-10-10,US,90.65,94.74,total postings
2020-10-11,US,90.93,95.05,total postings
2020-10-12,US,91.18,95.35,total postings
2020-10-13,US,91.39,95.58,total postings
2020-10-14,US,91.54,95.75,total postings
2020-10-15,US,91.62,95.85,total postings
2020-10-16,US,91.63,95.86,total postings
2020-10-17,US,91.55,95.79,total postings
2020-10-18,US,91.55,95.8,total postings
2020-10-19,US,91.52,95.8,total postings
2020-10-20,US,91.61,95.92,total postings
2020-10-21,US,91.74,96.06,total postings
2020-10-22,US,91.88,96.21,total postings
2020-10-23,US,92.02,96.37,total postings
2020-10-24,US,92.28,96.63,total postings
2020-10-25,US,92.43,96.77,total postings
2020-10-26,US,92.6,96.92,total postings
2020-10-27,US,92.74,97.04,total postings
2020-10-28,US,92.86,97.13,total postings
2020-10-29,US,93,97.25,total postings
2020-10-30,US,93.14,97.35,total postings
2020-10-31,US,93.23,97.39,total postings
2020-11-01,US,93.34,97.44,total postings
2020-11-02,US,93.44,97.45,total postings
2020-11-03,US,93.51,97.44,total postings
2020-11-04,US,93.6,97.44,total postings
2020-11-05,US,93.63,97.4,total postings
2020-11-06,US,93.72,97.43,total postings
2020-11-07,US,93.82,97.51,total postings
2020-11-08,US,93.91,97.59,total postings
2020-11-09,US,93.98,97.68,total postings
2020-11-10,US,94.03,97.77,total postings
2020-11-11,US,94.08,97.85,total postings
2020-11-12,US,94.13,97.93,total postings
2020-11-13,US,94.18,97.96,total postings
2020-11-14,US,93.97,97.71,total postings
2020-11-15,US,93.91,97.63,total postings
2020-11-16,US,93.88,97.52,total postings
2020-11-17,US,93.9,97.42,total postings
2020-11-18,US,93.97,97.34,total postings
2020-11-19,US,94.04,97.25,total postings
2020-11-20,US,94.12,97.16,total postings
2020-11-21,US,94.45,97.3,total postings
2020-11-22,US,94.67,97.3,total postings
2020-11-23,US,94.93,97.34,total postings
2020-11-24,US,95.17,97.35,total postings
2020-11-25,US,95.3,97.28,total postings
2020-11-26,US,95.49,97.26,total postings
2020-11-27,US,95.59,97.15,total postings
2020-11-28,US,95.66,97.03,total postings
2020-11-29,US,95.65,96.83,total postings
2020-11-30,US,95.65,96.66,total postings
2020-12-01,US,95.57,96.39,total postings
2020-12-02,US,95.54,96.17,total postings
2020-12-03,US,95.51,95.95,total postings
2020-12-04,US,95.52,95.79,total postings
2020-12-05,US,95.59,95.7,total postings
2020-12-06,US,95.63,95.62,total postings
2020-12-07,US,95.63,95.54,total postings
2020-12-08,US,95.71,95.56,total postings
2020-12-09,US,95.75,95.57,total postings
2020-12-10,US,95.72,95.53,total postings
2020-12-11,US,95.8,95.6,total postings
2020-12-12,US,95.75,95.49,total postings
2020-12-13,US,95.88,95.57,total postings
2020-12-14,US,96.03,95.61,total postings
2020-12-15,US,96.15,95.61,total postings
2020-12-16,US,96.27,95.6,total postings
2020-12-17,US,96.33,95.5,total postings
2020-12-18,US,96.35,95.34,total postings
2020-12-19,US,96.43,95.28,total postings
2020-12-20,US,96.41,95.09,total postings
2020-12-21,US,96.39,94.89,total postings
2020-12-22,US,96.43,94.74,total postings
2020-12-23,US,96.46,94.52,total postings
2020-12-24,US,96.56,94.36,total postings
2020-12-25,US,96.64,94.14,total postings
2020-12-26,US,96.73,93.91,total postings
2020-12-27,US,96.82,93.68,total postings
2020-12-28,US,96.88,93.49,total postings
2020-12-29,US,96.94,93.31,total postings
2020-12-30,US,97.05,93.22,total postings
2020-12-31,US,97.08,93.11,total postings
2021-01-01,US,96.96,92.93,total postings
2021-01-02,US,96.73,92.68,total postings
2021-01-03,US,96.47,92.44,total postings
2021-01-04,US,96.29,92.23,total postings
2021-01-05,US,96.11,92.05,total postings
2021-01-06,US,96.08,92.08,total postings
2021-01-07,US,96.13,92.21,total postings
2021-01-08,US,96.52,92.66,total postings
2021-01-09,US,96.95,93.2,total postings
2021-01-10,US,97.5,93.88,total postings
2021-01-11,US,97.95,94.54,total postings
2021-01-12,US,98.31,95.12,total postings
2021-01-13,US,98.48,95.51,total postings
2021-01-14,US,98.71,95.96,total postings
2021-01-15,US,98.81,96.29,total postings
2021-01-16,US,99.02,96.67,total postings
2021-01-17,US,99.09,96.88,total postings
2021-01-18,US,99.18,97.08,total postings
2021-01-19,US,99.36,97.34,total postings
2021-01-20,US,99.57,97.63,total postings
2021-01-21,US,99.65,97.81,total postings
2021-01-22,US,99.72,97.98,total postings
2021-01-23,US,99.54,97.95,total postings
2021-01-24,US,99.58,98.17,total postings
2021-01-25,US,99.63,98.42,total postings
2021-01-26,US,99.66,98.65,total postings
2021-01-27,US,99.66,98.87,total postings
2021-01-28,US,99.82,99.23,total postings
2021-01-29,US,99.94,99.55,total postings
2021-01-30,US,100.29,100.06,total postings
2021-01-31,US,100.53,100.42,total postings
2021-02-01,US,100.74,100.75,total postings
2021-02-02,US,101.01,101.09,total postings
2021-02-03,US,101.21,101.34,total postings
2021-02-04,US,101.19,101.34,total postings
2021-02-05,US,101.46,101.64,total postings
2021-02-06,US,101.6,101.8,total postings
2021-02-07,US,101.78,102.03,total postings
2021-02-08,US,101.93,102.23,total postings
2021-02-09,US,102.06,102.45,total postings
2021-02-10,US,102.32,102.82,total postings
2021-02-11,US,102.7,103.34,total postings
2021-02-12,US,102.89,103.66,total postings
2021-02-13,US,103.14,104.03,total postings
2021-02-14,US,103.33,104.33,total postings
2021-02-15,US,103.56,104.67,total postings
2021-02-16,US,103.72,104.94,total postings
2021-02-17,US,103.79,105.11,total postings
2021-02-18,US,103.89,105.3,total postings
2021-02-19,US,103.93,105.48,total postings
2021-02-20,US,103.81,105.52,total postings
2021-02-21,US,103.83,105.71,total postings
2021-02-22,US,103.86,105.9,total postings
2021-02-23,US,103.93,106.14,total postings
2021-02-24,US,104.06,106.47,total postings
2021-02-25,US,104.17,106.77,total postings
2021-02-26,US,104.32,107.09,total postings
2021-02-27,US,104.62,107.53,total postings
2021-02-28,US,104.8,107.85,total postings
2021-03-01,US,104.86,108.05,total postings
2021-03-02,US,104.9,108.24,total postings
2021-03-03,US,105.01,108.49,total postings
2021-03-04,US,105.2,108.79,total postings
2021-03-05,US,105.43,109.16,total postings
2021-03-06,US,105.57,109.43,total postings
2021-03-07,US,105.79,109.78,total postings
2021-03-08,US,106.15,110.26,total postings
2021-03-09,US,106.57,110.79,total postings
2021-03-10,US,106.88,111.21,total postings
2021-03-11,US,107.2,111.63,total postings
2021-03-12,US,107.5,112.01,total postings
2021-03-13,US,108,112.6,total postings
2021-03-14,US,108.31,113.01,total postings
2021-03-15,US,108.62,113.4,total postings
2021-03-16,US,108.85,113.72,total postings
2021-03-17,US,109.12,114.08,total postings
2021-03-18,US,109.43,114.51,total postings
2021-03-19,US,109.77,114.95,total postings
2021-03-20,US,110.03,115.34,total postings
2021-03-21,US,110.41,115.86,total postings
2021-03-22,US,110.73,116.35,total postings
2021-03-23,US,111.27,117.06,total postings
2021-03-24,US,111.74,117.73,total postings
2021-03-25,US,112.11,118.3,total postings
2021-03-26,US,112.5,118.91,total postings
2021-03-27,US,112.99,119.59,total postings
2021-03-28,US,113.38,120.14,total postings
2021-03-29,US,113.87,120.74,total postings
2021-03-30,US,114.27,121.22,total postings
2021-03-31,US,114.78,121.78,total postings
2021-04-01,US,115.17,122.18,total postings
2021-04-02,US,115.49,122.47,total postings
2021-04-03,US,115.76,122.72,total postings
2021-04-04,US,116.09,123.05,total postings
2021-04-05,US,116.39,123.41,total postings
2021-04-06,US,116.59,123.69,total postings
2021-04-07,US,116.63,123.84,total postings
2021-04-08,US,116.79,124.14,total postings
2021-04-09,US,117.07,124.63,total postings
2021-04-10,US,117.19,124.93,total postings
2021-04-11,US,117.27,125.2,total postings
2021-04-12,US,117.38,125.46,total postings
2021-04-13,US,117.52,125.72,total postings
2021-04-14,US,117.85,126.14,total postings
2021-04-15,US,118.21,126.57,total postings
2021-04-16,US,118.48,126.87,total postings
2021-04-17,US,118.92,127.33,total postings
2021-04-18,US,119.38,127.79,total postings
2021-04-19,US,119.79,128.19,total postings
2021-04-20,US,120.24,128.61,total postings
2021-04-21,US,120.63,129.01,total postings
2021-04-22,US,121.01,129.39,total postings
2021-04-23,US,121.42,129.83,total postings
2021-04-24,US,121.81,130.25,total postings
2021-04-25,US,122.12,130.6,total postings
2021-04-26,US,122.41,130.96,total postings
2021-04-27,US,122.62,131.28,total postings
2021-04-28,US,122.82,131.59,total postings
2021-04-29,US,123,131.88,total postings
2021-04-30,US,123.11,132.08,total postings
2021-05-01,US,123.11,132.17,total postings
2021-05-02,US,123.09,132.21,total postings
2021-05-03,US,123.1,132.26,total postings
2021-05-04,US,123.16,132.33,total postings
2021-05-05,US,123.24,132.41,total postings
2021-05-06,US,123.38,132.55,total postings
2021-05-07,US,123.25,132.41,total postings
2021-05-08,US,123.52,132.7,total postings
2021-05-09,US,123.93,133.15,total postings
2021-05-10,US,124.25,133.53,total postings
2021-05-11,US,124.6,133.94,total postings
2021-05-12,US,124.95,134.36,total postings
2021-05-13,US,125.24,134.74,total postings
2021-05-14,US,125.76,135.37,total postings
2021-05-15,US,125.86,135.53,total postings
2021-05-16,US,125.91,135.62,total postings
2021-05-17,US,125.95,135.7,total postings
2021-05-18,US,125.93,135.7,total postings
2021-05-19,US,125.81,135.58,total postings
2021-05-20,US,125.78,135.53,total postings
2021-05-21,US,125.74,135.47,total postings
2021-05-22,US,125.59,135.29,total postings
2021-05-23,US,125.67,135.39,total postings
2021-05-24,US,125.74,135.48,total postings
2021-05-25,US,125.91,135.67,total postings
2021-05-26,US,126.15,135.93,total postings
2021-05-27,US,126.37,136.15,total postings
2021-05-28,US,126.68,136.43,total postings
2021-05-29,US,127.23,136.92,total postings
2021-05-30,US,127.57,137.14,total postings
2021-05-31,US,127.99,137.38,total postings
2021-06-01,US,128.13,137.31,total postings
2021-06-02,US,128.23,137.19,total postings
2021-06-03,US,128.32,137.07,total postings
2021-06-04,US,128.42,137.01,total postings
2021-06-05,US,128.44,136.9,total postings
2021-06-06,US,128.48,136.86,total postings
2021-06-07,US,128.4,136.77,total postings
2021-06-08,US,128.55,136.95,total postings
2021-06-09,US,128.76,137.24,total postings
2021-06-10,US,128.89,137.46,total postings
2021-06-11,US,129.04,137.69,total postings
2021-06-12,US,129.16,137.88,total postings
2021-06-13,US,129.29,138.06,total postings
2021-06-14,US,129.55,138.37,total postings
2021-06-15,US,129.8,138.66,total postings
2021-06-16,US,129.97,138.85,total postings
2021-06-17,US,130.09,138.96,total postings
2021-06-18,US,130.15,139,total postings
2021-06-19,US,130.36,139.19,total postings
2021-06-20,US,130.52,139.31,total postings
2021-06-21,US,130.7,139.46,total postings
2021-06-22,US,130.83,139.53,total postings
2021-06-23,US,131.08,139.69,total postings
2021-06-24,US,131.35,139.86,total postings
2021-06-25,US,131.62,140.03,total postings
2021-06-26,US,132,140.3,total postings
2021-06-27,US,132.32,140.49,total postings
2021-06-28,US,132.69,140.73,total postings
2021-06-29,US,133.11,141.01,total postings
2021-06-30,US,133.38,141.15,total postings
2021-07-01,US,133.66,141.29,total postings
2021-07-02,US,133.96,141.41,total postings
2021-07-03,US,134.18,141.41,total postings
2021-07-04,US,134.47,141.47,total postings
2021-07-05,US,134.64,141.39,total postings
2021-07-06,US,134.83,141.32,total postings
2021-07-07,US,135.01,141.25,total postings
2021-07-08,US,135.27,141.29,total postings
2021-07-09,US,135.57,141.44,total postings
2021-07-10,US,135.57,141.36,total postings
2021-07-11,US,135.61,141.35,total postings
2021-07-12,US,135.65,141.35,total postings
2021-07-13,US,135.74,141.43,total postings
2021-07-14,US,135.85,141.55,total postings
2021-07-15,US,136.01,141.74,total postings
2021-07-16,US,136.08,141.84,total postings
2021-07-17,US,136.32,142.1,total postings
2021-07-18,US,136.68,142.5,total postings
2021-07-19,US,137.07,142.97,total postings
2021-07-20,US,137.35,143.34,total postings
2021-07-21,US,137.32,143.4,total postings
2021-07-22,US,137.09,143.25,total postings
2021-07-23,US,136.87,143.09,total postings
2021-07-24,US,136.57,142.85,total postings
2021-07-25,US,136.09,142.43,total postings
2021-07-26,US,135.52,141.91,total postings
2021-07-27,US,135.08,141.51,total postings
2021-07-28,US,134.95,141.41,total postings
2021-07-29,US,134.91,141.42,total postings
2021-07-30,US,134.78,141.32,total postings
2021-07-31,US,134.93,141.51,total postings
2021-08-01,US,135,141.61,total postings
2021-08-02,US,135.1,141.74,total postings
2021-08-03,US,135.09,141.74,total postings
2021-08-04,US,135.11,141.79,total postings
2021-08-05,US,135.19,141.94,total postings
2021-08-06,US,135.45,142.3,total postings
2021-08-07,US,135.32,142.26,total postings
2021-08-08,US,135.42,142.5,total postings
2021-08-09,US,135.56,142.79,total postings
2021-08-10,US,135.73,143.13,total postings
2021-08-11,US,135.83,143.42,total postings
2021-08-12,US,135.95,143.69,total postings
2021-08-13,US,136.05,143.93,total postings
2021-08-14,US,136.34,144.37,total postings
2021-08-15,US,136.51,144.65,total postings
2021-08-16,US,136.62,144.86,total postings
2021-08-17,US,136.76,145.1,total postings
2021-08-18,US,136.9,145.33,total postings
2021-08-19,US,137.08,145.6,total postings
2021-08-20,US,137.22,145.85,total postings
2021-08-21,US,137.4,146.12,total postings
2021-08-22,US,137.68,146.48,total postings
2021-08-23,US,137.95,146.81,total postings
2021-08-24,US,138.17,147.07,total postings
2021-08-25,US,138.5,147.43,total postings
2021-08-26,US,138.73,147.65,total postings
2021-08-27,US,138.93,147.8,total postings
2021-08-28,US,139.12,147.92,total postings
2021-08-29,US,139.32,148.05,total postings
2021-08-30,US,139.57,148.21,total postings
2021-09-01,US,139.77,148.28,total postings
2021-09-02,US,139.91,148.29,total postings
2021-09-03,US,140.04,148.29,total postings
2021-09-04,US,139.92,148.01,total postings
2021-09-05,US,140.29,148.23,total postings
2021-09-06,US,140.4,148.19,total postings
2021-09-07,US,140.39,148.03,total postings
2021-09-08,US,140.65,148.18,total postings
2021-09-09,US,140.88,148.33,total postings
2021-09-10,US,140.92,148.3,total postings
2021-09-11,US,141.01,148.36,total postings
2021-09-12,US,140.91,148.24,total postings
2021-09-13,US,140.79,148.11,total postings
2021-09-14,US,141.15,148.48,total postings
2021-09-15,US,141.41,148.74,total postings
2021-09-16,US,141.55,148.88,total postings
2021-09-17,US,141.82,149.18,total postings
2021-09-18,US,142.11,149.49,total postings
2021-09-19,US,142.42,149.86,total postings
2021-09-20,US,142.67,150.19,total postings
2021-09-21,US,142.64,150.24,total postings
2021-09-22,US,142.65,150.36,total postings
2021-09-23,US,142.74,150.56,total postings
2021-09-24,US,142.85,150.74,total postings
2021-09-25,US,142.91,150.86,total postings
2021-09-26,US,143,150.95,total postings
2021-09-27,US,143.13,151.05,total postings
2021-09-28,US,143.42,151.26,total postings
2021-09-29,US,143.65,151.35,total postings
2021-09-30,US,143.92,151.41,total postings
2021-10-01,US,144.23,151.52,total postings
2021-10-02,US,144.6,151.69,total postings
2021-10-03,US,144.87,151.77,total postings
2021-10-04,US,145.12,151.85,total postings
2021-10-05,US,145.29,151.87,total postings
2021-10-06,US,145.44,151.94,total postings
2021-10-07,US,145.53,152.02,total postings
2021-10-08,US,145.65,152.16,total postings
2021-10-09,US,145.93,152.47,total postings
2021-10-10,US,146.1,152.69,total postings
2021-10-11,US,146.33,152.97,total postings
2021-10-12,US,146.41,153.1,total postings
2021-10-13,US,146.44,153.15,total postings
2021-10-14,US,146.62,153.36,total postings
2021-10-15,US,146.74,153.51,total postings
2021-10-16,US,146.57,153.34,total postings
2021-10-17,US,146.73,153.53,total postings
2021-10-18,US,146.78,153.6,total postings
2021-10-19,US,146.99,153.86,total postings
2021-10-20,US,147.21,154.12,total postings
2021-10-21,US,147.4,154.34,total postings
2021-10-22,US,147.62,154.59,total postings
2021-10-23,US,148.06,155.05,total postings
2021-10-24,US,148.26,155.24,total postings
2021-10-25,US,148.53,155.51,total postings
2021-10-26,US,148.78,155.73,total postings
2021-10-27,US,149.05,155.96,total postings
2021-10-28,US,149.25,156.13,total postings
2021-10-29,US,149.47,156.3,total postings
2021-10-30,US,149.73,156.5,total postings
2021-10-31,US,149.92,156.61,total postings
2021-11-01,US,150.22,156.8,total postings
2021-11-02,US,150.5,156.97,total postings
2021-11-03,US,150.78,157.11,total postings
2021-11-04,US,151.03,157.22,total postings
2021-11-05,US,151.27,157.35,total postings
2021-11-06,US,151.29,157.28,total postings
2021-11-07,US,151.52,157.48,total postings
2021-11-08,US,151.66,157.59,total postings
2021-11-09,US,151.72,157.68,total postings
2021-11-10,US,151.81,157.84,total postings
2021-11-11,US,152.09,158.18,total postings
2021-11-12,US,152.24,158.38,total postings
2021-11-13,US,152.51,158.64,total postings
2021-11-14,US,152.69,158.78,total postings
2021-11-15,US,152.87,158.93,total postings
2021-11-16,US,153.21,159.15,total postings
2021-11-17,US,153.62,159.38,total postings
2021-11-18,US,153.87,159.39,total postings
2021-11-19,US,154.34,159.59,total postings
2021-11-20,US,154.58,159.58,total postings
2021-11-21,US,155.14,159.82,total postings
2021-11-22,US,155.72,160.05,total postings
2021-11-23,US,156.13,160.1,total postings
2021-11-24,US,156.52,160.11,total postings
2021-11-25,US,156.79,160.04,total postings
2021-11-26,US,156.96,159.86,total postings
2021-11-27,US,157.34,159.91,total postings
2021-11-28,US,157.36,159.62,total postings
2021-11-29,US,157.36,159.31,total postings
2021-11-30,US,157.5,159.15,total postings
2021-12-01,US,157.55,158.9,total postings
2021-12-02,US,157.81,158.84,total postings
2021-12-03,US,157.98,158.71,total postings
2021-12-04,US,158.44,158.89,total postings
2021-12-05,US,158.91,159.09,total postings
2021-12-06,US,159.41,159.39,total postings
2021-12-07,US,159.72,159.57,total postings
2021-12-08,US,160.11,159.86,total postings
2021-12-09,US,160.38,160.09,total postings
2021-12-10,US,160.72,160.39,total postings
2021-12-11,US,160.59,160.25,total postings
2021-12-12,US,160.76,160.33,total postings
2021-12-13,US,160.88,160.35,total postings
2021-12-14,US,161.18,160.48,total postings
2021-12-15,US,161.37,160.46,total postings
2021-12-16,US,161.48,160.34,total postings
2021-12-17,US,161.8,160.4,total postings
2021-12-18,US,162.26,160.56,total postings
2021-12-19,US,162.48,160.54,total postings
2021-12-20,US,162.72,160.47,total postings
2021-12-21,US,162.71,160.18,total postings
2021-12-22,US,162.7,159.85,total postings
2021-12-23,US,162.83,159.57,total postings
2021-12-24,US,162.79,159.08,total postings
2021-12-25,US,162.88,158.66,total postings
2021-12-26,US,162.93,158.17,total postings
2021-12-27,US,163.08,157.8,total postings
2021-12-28,US,163.42,157.69,total postings
2021-12-29,US,163.71,157.58,total postings
2021-12-30,US,163.92,157.45,total postings
2021-12-31,US,163.99,157.27,total postings
2022-01-01,US,163.95,157.11,total postings
2022-01-02,US,163.54,156.68,total postings
2022-01-03,US,163.01,156.19,total postings
2022-01-04,US,162.64,155.75,total postings
2022-01-05,US,162.34,155.47,total postings
2022-01-06,US,162.03,155.26,total postings
2022-01-07,US,161.82,155.2,total postings
2022-01-08,US,161.46,155.01,total postings
2022-01-09,US,161.59,155.33,total postings
2022-01-10,US,161.7,155.67,total postings
2022-01-11,US,161.53,155.89,total postings
2022-01-12,US,161.4,156.15,total postings
2022-01-13,US,161.23,156.37,total postings
2022-01-14,US,160.64,156.16,total postings
2022-01-15,US,160.63,156.52,total postings
2022-01-16,US,160.45,156.64,total postings
2022-01-17,US,160.29,156.72,total postings
2022-01-18,US,160.26,156.86,total postings
2022-01-19,US,160.23,156.97,total postings
2022-01-20,US,160.19,157.08,total postings
2022-01-21,US,160.49,157.53,total postings
2022-01-22,US,160.26,157.47,total postings
2022-01-23,US,160.11,157.55,total postings
2022-01-24,US,159.94,157.67,total postings
2022-01-25,US,159.78,157.84,total postings
2022-01-26,US,159.68,158.07,total postings
2022-01-27,US,159.55,158.27,total postings
2022-01-28,US,159.42,158.46,total postings
2022-01-29,US,159.55,158.9,total postings
2022-01-30,US,159.71,159.33,total postings
2022-01-31,US,159.81,159.63,total postings
2022-02-01,US,159.89,159.87,total postings
2022-02-02,US,159.95,160.06,total postings
2022-02-03,US,160.14,160.33,total postings
2022-02-04,US,160.38,160.63,total postings
2022-02-05,US,160.5,160.78,total postings
2022-02-06,US,160.52,160.84,total postings
2022-02-07,US,160.6,160.99,total postings
2022-02-08,US,160.61,161.09,total postings
2022-02-09,US,160.68,161.29,total postings
2022-02-10,US,160.71,161.5,total postings
2022-02-11,US,160.72,161.72,total postings
2022-02-12,US,160.71,161.91,total postings
2022-02-13,US,160.65,162.03,total postings
2022-02-14,US,160.56,162.12,total postings
2022-02-15,US,160.53,162.26,total postings
2022-02-16,US,160.5,162.39,total postings
2022-02-17,US,160.39,162.43,total postings
2022-02-18,US,160.37,162.56,total postings
2022-02-19,US,160.12,162.5,total postings
2022-02-20,US,160.11,162.75,total postings
2022-02-21,US,160.15,163.05,total postings
2022-02-22,US,159.99,163.15,total postings
2022-02-23,US,159.85,163.25,total postings
2022-02-24,US,159.82,163.52,total postings
2022-02-25,US,159.69,163.68,total postings
2022-02-26,US,159.86,164.09,total postings
2022-02-27,US,159.76,164.2,total postings
2022-02-28,US,159.64,164.29,total postings
2022-03-01,US,159.6,164.45,total postings
2022-03-02,US,159.41,164.49,total postings
2022-03-03,US,159.2,164.47,total postings
2022-03-04,US,159.02,164.45,total postings
2022-03-05,US,158.73,164.34,total postings
2022-03-06,US,158.59,164.4,total postings
2022-03-07,US,158.46,164.43,total postings
2022-03-08,US,158.46,164.61,total postings
2022-03-09,US,158.59,164.87,total postings
2022-03-10,US,158.61,165.03,total postings
2022-03-11,US,158.66,165.21,total postings
2022-03-12,US,158.78,165.45,total postings
2022-03-13,US,158.79,165.56,total postings
2022-03-14,US,158.78,165.66,total postings
2022-03-15,US,158.71,165.7,total postings
2022-03-16,US,158.61,165.71,total postings
2022-03-17,US,158.66,165.88,total postings
2022-03-18,US,158.58,165.93,total postings
2022-03-19,US,158.46,165.94,total postings
2022-03-20,US,158.34,165.98,total postings
2022-03-21,US,158.21,166.01,total postings
2022-03-22,US,158.14,166.15,total postings
2022-03-23,US,157.95,166.17,total postings
2022-03-24,US,157.84,166.3,total postings
2022-03-25,US,157.83,166.55,total postings
2022-03-26,US,157.83,166.83,total postings
2022-03-27,US,157.91,167.13,total postings
2022-03-28,US,157.93,167.34,total postings
2022-03-29,US,157.93,167.45,total postings
2022-03-30,US,158.17,167.79,total postings
2022-03-31,US,158.26,167.91,total postings
2022-04-01,US,158.12,167.75,total postings
2022-04-02,US,158.02,167.58,total postings
2022-04-03,US,157.87,167.36,total postings
2022-04-04,US,157.71,167.16,total postings
2022-04-05,US,157.5,167,total postings
2022-04-06,US,157.13,166.69,total postings
2022-04-07,US,156.76,166.44,total postings
2022-04-08,US,156.54,166.39,total postings
2022-04-09,US,155.99,166.06,total postings
2022-04-10,US,155.33,165.59,total postings
2022-04-11,US,154.74,165.19,total postings
2022-04-12,US,154.22,164.83,total postings
2022-04-13,US,153.77,164.5,total postings
2022-04-14,US,153.48,164.29,total postings
2022-04-15,US,153.25,164.09,total postings
2022-04-16,US,153.39,164.25,total postings
2022-04-17,US,153.67,164.53,total postings
2022-04-18,US,153.96,164.8,total postings
2022-04-19,US,154.28,165.09,total postings
2022-04-20,US,154.57,165.33,total postings
2022-04-21,US,154.85,165.6,total postings
2022-04-22,US,155.34,166.1,total postings
2022-04-23,US,155.79,166.57,total postings
2022-04-24,US,155.99,166.79,total postings
2022-04-25,US,156.18,167.03,total postings
2022-04-26,US,156.37,167.3,total postings
2022-04-27,US,156.06,167.07,total postings
2022-04-28,US,156.03,167.16,total postings
2022-04-29,US,155.77,167.01,total postings
2022-04-30,US,155.43,166.76,total postings
2022-05-01,US,155.71,167.17,total postings
2022-05-02,US,155.57,167.1,total postings
2022-05-03,US,155.4,166.97,total postings
2022-05-04,US,155.74,167.34,total postings
2022-05-05,US,155.66,167.25,total postings
2022-05-06,US,155.65,167.22,total postings
2022-05-07,US,155.6,167.15,total postings
2022-05-08,US,155.25,166.78,total postings
2022-05-09,US,155.38,166.95,total postings
2022-05-10,US,155.5,167.11,total postings
2022-05-11,US,155.51,167.17,total postings
2022-05-12,US,155.6,167.32,total postings
2022-05-13,US,155.54,167.34,total postings
2022-05-14,US,155.61,167.5,total postings
2022-05-15,US,155.62,167.59,total postings
2022-05-16,US,155.64,167.64,total postings
2022-05-17,US,155.56,167.59,total postings
2022-05-18,US,155.65,167.72,total postings
2022-05-19,US,155.63,167.71,total postings
2022-05-20,US,155.73,167.8,total postings
2022-05-21,US,155.6,167.64,total postings
2022-05-22,US,155.7,167.71,total postings
2022-05-23,US,155.7,167.75,total postings
2022-05-24,US,155.82,167.88,total postings
2022-05-25,US,155.79,167.86,total postings
2022-05-26,US,155.72,167.8,total postings
2022-05-27,US,155.72,167.77,total postings
2022-05-28,US,155.91,167.9,total postings
2022-05-29,US,155.89,167.77,total postings
2022-05-30,US,155.93,167.63,total postings
2022-05-31,US,155.84,167.29,total postings
2022-06-01,US,155.78,166.95,total postings
2022-06-02,US,155.78,166.66,total postings
2022-06-03,US,155.62,166.24,total postings
2022-06-04,US,155.51,165.91,total postings
2022-06-05,US,155.33,165.56,total postings
2022-06-06,US,155.13,165.25,total postings
2022-06-07,US,155.03,165.13,total postings
2022-06-08,US,154.92,165.05,total postings
2022-06-09,US,154.76,164.95,total postings
2022-06-10,US,154.57,164.84,total postings
2022-06-11,US,154.48,164.83,total postings
2022-06-12,US,154.33,164.74,total postings
2022-06-13,US,154.26,164.72,total postings
2022-06-14,US,154.22,164.72,total postings
2022-06-15,US,154.08,164.6,total postings
2022-06-16,US,154,164.52,total postings
2022-06-17,US,154.01,164.52,total postings
2022-06-18,US,153.91,164.38,total postings
2022-06-19,US,153.99,164.42,total postings
2022-06-20,US,153.99,164.36,total postings
2022-06-21,US,153.92,164.24,total postings
2022-06-22,US,154,164.24,total postings
2022-06-23,US,154.11,164.24,total postings
2022-06-24,US,154.13,164.12,total postings
2022-06-25,US,153.98,163.83,total postings
2022-06-26,US,153.87,163.62,total postings
2022-06-27,US,153.72,163.34,total postings
2022-06-28,US,153.7,163.19,total postings
2022-06-29,US,153.75,163.1,total postings
2022-06-30,US,153.72,162.93,total postings
2022-07-01,US,153.68,162.72,total postings
2022-07-02,US,153.92,162.73,total postings
2022-07-03,US,154.07,162.56,total postings
2022-07-04,US,154.19,162.36,total postings
2022-07-05,US,154.27,162.09,total postings
2022-07-06,US,154.19,161.65,total postings
2022-07-07,US,154.16,161.3,total postings
2022-07-08,US,154.25,161.11,total postings
2022-07-09,US,154.11,160.79,total postings
2022-07-10,US,154.05,160.62,total postings
2022-07-11,US,154.07,160.58,total postings
2022-07-12,US,154.04,160.51,total postings
2022-07-13,US,154.04,160.5,total postings
2022-07-14,US,154.01,160.47,total postings
2022-07-15,US,153.98,160.47,total postings
2022-07-16,US,154,160.52,total postings
2022-07-17,US,153.97,160.5,total postings
2022-07-18,US,153.89,160.45,total postings
2022-07-19,US,153.83,160.44,total postings
2022-07-20,US,153.69,160.39,total postings
2022-07-21,US,153.47,160.27,total postings
2022-07-22,US,153.39,160.28,total postings
2022-07-23,US,153.16,160.13,total postings
2022-07-24,US,153.07,160.11,total postings
2022-07-25,US,152.95,160.08,total postings
2022-07-26,US,152.84,160.05,total postings
2022-07-27,US,152.84,160.12,total postings
2022-07-28,US,152.91,160.24,total postings
2022-07-29,US,152.79,160.16,total postings
2022-07-30,US,152.93,160.35,total postings
2022-07-31,US,152.87,160.32,total postings
2022-08-01,US,152.85,160.34,total postings
2022-08-02,US,152.71,160.22,total postings
2022-08-03,US,152.6,160.12,total postings
2022-08-04,US,152.46,160,total postings
2022-08-05,US,152.45,160.06,total postings
2022-08-06,US,152.37,160.08,total postings
2022-08-07,US,152.29,160.1,total postings
2022-08-08,US,152.17,160.13,total postings
2022-08-09,US,152.12,160.24,total postings
2022-08-10,US,151.95,160.23,total postings
2022-08-11,US,151.81,160.28,total postings
2022-08-12,US,151.59,160.22,total postings
2022-08-13,US,151.24,160,total postings
2022-08-14,US,151.07,159.96,total postings
2022-08-15,US,150.92,159.91,total postings
2022-08-16,US,150.75,159.84,total postings
2022-08-17,US,150.61,159.79,total postings
2022-08-18,US,150.43,159.7,total postings
2022-08-19,US,150.26,159.61,total postings
2022-08-20,US,150.19,159.63,total postings
2022-08-21,US,150,159.52,total postings
2022-08-22,US,149.88,159.45,total postings
2022-08-23,US,149.73,159.35,total postings
2022-08-24,US,149.73,159.37,total postings
2022-08-25,US,149.77,159.42,total postings
2022-08-26,US,149.84,159.47,total postings
2022-08-27,US,149.96,159.54,total postings
2022-08-28,US,150.02,159.51,total postings
2022-08-29,US,150,159.4,total postings
2022-08-30,US,150.1,159.4,total postings
2022-09-01,US,150.09,159.24,total postings
2022-09-02,US,150.03,159.03,total postings
2022-09-03,US,149.82,158.65,total postings
2022-09-04,US,149.88,158.54,total postings
2022-09-05,US,149.81,158.29,total postings
2022-09-06,US,149.79,158.1,total postings
2022-09-07,US,149.74,157.88,total postings
2022-09-08,US,149.7,157.72,total postings
2022-09-09,US,149.73,157.65,total postings
2022-09-10,US,149.74,157.58,total postings
2022-09-11,US,149.62,157.41,total postings
2022-09-12,US,149.52,157.3,total postings
2022-09-13,US,149.56,157.33,total postings
2022-09-14,US,149.57,157.35,total postings
2022-09-15,US,149.57,157.33,total postings
2022-09-16,US,149.56,157.31,total postings
2022-09-17,US,149.44,157.2,total postings
2022-09-18,US,149.42,157.18,total postings
2022-09-19,US,149.27,157.06,total postings
2022-09-20,US,148.98,156.83,total postings
2022-09-21,US,148.76,156.68,total postings
2022-09-22,US,148.55,156.57,total postings
2022-09-23,US,148.4,156.53,total postings
2022-09-24,US,148.39,156.58,total postings
2022-09-25,US,148.38,156.63,total postings
2022-09-26,US,148.48,156.74,total postings
2022-09-27,US,148.71,156.94,total postings
2022-09-28,US,148.88,157.03,total postings
2022-09-29,US,149,156.98,total postings
2022-09-30,US,149.03,156.79,total postings
2022-10-01,US,149.05,156.58,total postings
2022-10-02,US,149.05,156.36,total postings
2022-10-03,US,149.05,156.15,total postings
2022-10-04,US,148.91,155.81,total postings
2022-10-05,US,148.89,155.63,total postings
2022-10-06,US,148.86,155.51,total postings
2022-10-07,US,148.81,155.45,total postings
2022-10-08,US,148.83,155.47,total postings
2022-10-09,US,148.8,155.48,total postings
2022-10-10,US,148.8,155.52,total postings
2022-10-11,US,148.9,155.65,total postings
2022-10-12,US,148.88,155.68,total postings
2022-10-13,US,149,155.83,total postings
2022-10-14,US,149.12,155.97,total postings
2022-10-15,US,149.03,155.9,total postings
2022-10-16,US,149.08,155.97,total postings
2022-10-17,US,149.09,155.99,total postings
2022-10-18,US,149.11,156.04,total postings
2022-10-19,US,149.02,155.98,total postings
2022-10-20,US,148.86,155.86,total postings
2022-10-21,US,148.77,155.77,total postings
2022-10-22,US,148.47,155.48,total postings
2022-10-23,US,148.36,155.37,total postings
2022-10-24,US,148.32,155.31,total postings
2022-10-25,US,148.22,155.19,total postings
2022-10-26,US,148.26,155.18,total postings
2022-10-27,US,148.31,155.19,total postings
2022-10-28,US,148.3,155.13,total postings
2022-10-29,US,148.65,155.45,total postings
2022-10-30,US,148.75,155.48,total postings
2022-10-31,US,148.81,155.45,total postings
2022-11-01,US,148.8,155.33,total postings
2022-11-02,US,148.74,155.13,total postings
2022-11-03,US,148.7,154.94,total postings
2022-11-04,US,148.77,154.87,total postings
2022-11-05,US,148.73,154.71,total postings
2022-11-06,US,148.69,154.58,total postings
2022-11-07,US,148.64,154.49,total postings
2022-11-08,US,148.74,154.55,total postings
2022-11-09,US,148.81,154.66,total postings
2022-11-10,US,148.82,154.72,total postings
2022-11-11,US,148.7,154.66,total postings
2022-11-12,US,148.69,154.68,total postings
2022-11-13,US,148.67,154.64,total postings
2022-11-14,US,148.63,154.56,total postings
2022-11-15,US,148.53,154.41,total postings
2022-11-16,US,148.53,154.28,total postings
2022-11-17,US,148.59,154.16,total postings
2022-11-18,US,148.66,153.99,total postings
2022-11-19,US,148.62,153.69,total postings
2022-11-20,US,148.7,153.51,total postings
2022-11-21,US,148.82,153.31,total postings
2022-11-22,US,148.98,153.12,total postings
2022-11-23,US,149.09,152.88,total postings
2022-11-24,US,149.17,152.6,total postings
2022-11-25,US,149.26,152.36,total postings
2022-11-26,US,149.4,152.17,total postings
2022-11-27,US,149.43,151.87,total postings
2022-11-28,US,149.46,151.61,total postings
2022-11-29,US,149.46,151.32,total postings
2022-11-30,US,149.51,151.07,total postings
2022-12-01,US,149.45,150.73,total postings
2022-12-02,US,149.31,150.28,total postings
2022-12-03,US,149.18,149.88,total postings
2022-12-04,US,149.04,149.47,total postings
2022-12-05,US,148.94,149.12,total postings
2022-12-06,US,148.79,148.78,total postings
2022-12-07,US,148.5,148.36,total postings
2022-12-08,US,148.22,147.99,total postings
2022-12-09,US,148.19,147.91,total postings
2022-12-10,US,147.99,147.69,total postings
2022-12-11,US,147.88,147.56,total postings
2022-12-12,US,147.78,147.38,total postings
2022-12-13,US,147.72,147.24,total postings
2022-12-14,US,147.87,147.22,total postings
2022-12-15,US,148.04,147.2,total postings
2022-12-16,US,148.06,147.02,total postings
2022-12-17,US,148.25,146.97,total postings
2022-12-18,US,148.41,146.86,total postings
2022-12-19,US,148.5,146.72,total postings
2022-12-20,US,148.58,146.53,total postings
2022-12-21,US,148.61,146.3,total postings
2022-12-22,US,148.73,146.12,total postings
2022-12-23,US,148.74,145.76,total postings
2022-12-24,US,148.81,145.42,total postings
2022-12-25,US,148.91,145.05,total postings
2022-12-26,US,149.06,144.7,total postings
2022-12-27,US,149.19,144.35,total postings
2022-12-28,US,149.16,143.94,total postings
2022-12-29,US,149.11,143.53,total postings
2022-12-30,US,149.16,143.28,total postings
2020-02-01,US,100,100,new postings
2020-02-02,US,100.86,100.63,new postings
2020-02-03,US,101.71,101.28,new postings
2020-02-04,US,101.99,101.42,new postings
2020-02-05,US,102.21,101.72,new postings
2020-02-06,US,102.51,102.21,new postings
2020-02-07,US,104.16,104.11,new postings
2020-02-08,US,105.7,105.95,new postings
2020-02-09,US,106.6,107.23,new postings
2020-02-10,US,107.52,108.55,new postings
2020-02-11,US,108.64,110.02,new postings
2020-02-12,US,109.96,111.49,new postings
2020-02-13,US,111.14,112.71,new postings
2020-02-14,US,111.02,112.5,new postings
2020-02-15,US,109.68,110.98,new postings
2020-02-16,US,108.81,109.79,new postings
2020-02-17,US,108,108.56,new postings
2020-02-18,US,106.52,106.59,new postings
2020-02-19,US,104.54,104.22,new postings
2020-02-20,US,102.8,102.12,new postings
2020-02-21,US,101.39,100.44,new postings
2020-02-22,US,101.1,99.95,new postings
2020-02-23,US,100.66,99.41,new postings
2020-02-24,US,100.04,98.81,new postings
2020-02-25,US,100.59,99.5,new postings
2020-02-26,US,101.44,100.47,new postings
2020-02-27,US,102,101.32,new postings
2020-02-28,US,102.16,101.94,new postings
2020-02-29,US,102.63,102.96,new postings
2020-03-01,US,103.33,104.26,new postings
2020-03-02,US,104.21,105.9,new postings
2020-03-03,US,104.16,106.76,new postings
2020-03-04,US,103.78,107.61,new postings
2020-03-05,US,103.36,108.65,new postings
2020-03-06,US,102.99,109.77,new postings
2020-03-07,US,103.05,111.43,new postings
2020-03-08,US,102.59,112.6,new postings
2020-03-09,US,101.6,112.99,new postings
2020-03-10,US,100.89,113.52,new postings
2020-03-11,US,100.69,114.04,new postings
2020-03-12,US,100.72,114.22,new postings
2020-03-13,US,100.59,113.85,new postings
2020-03-14,US,99.73,112.32,new postings
2020-03-15,US,98.05,109.68,new postings
2020-03-16,US,96.81,107.48,new postings
2020-03-17,US,94.15,103.71,new postings
2020-03-18,US,90.34,98.78,new postings
2020-03-19,US,85.84,93.31,new postings
2020-03-20,US,80.89,87.55,new postings
2020-03-21,US,75.55,81.6,new postings
2020-03-22,US,71.65,77.26,new postings
2020-03-23,US,67.42,72.51,new postings
2020-03-24,US,64.79,69.46,new postings
2020-03-25,US,62.81,67.24,new postings
2020-03-26,US,61.14,65.41,new postings
2020-03-27,US,59.45,63.45,new postings
2020-03-28,US,57.98,61.71,new postings
2020-03-29,US,56.09,59.55,new postings
2020-03-30,US,54.47,57.8,new postings
2020-03-31,US,52.38,55.62,new postings
2020-04-01,US,50.47,53.59,new postings
2020-04-02,US,48.97,51.99,new postings
2020-04-03,US,48.02,51.15,new postings
2020-04-04,US,46.78,50.1,new postings
2020-04-05,US,45.41,48.97,new postings
2020-04-06,US,44.26,48.1,new postings
2020-04-07,US,44.22,48.48,new postings
2020-04-08,US,44.53,49.3,new postings
2020-04-09,US,44.69,49.97,new postings
2020-04-10,US,45.21,50.83,new postings
2020-04-11,US,46.35,52.19,new postings
2020-04-12,US,47.67,53.62,new postings
2020-04-13,US,48.92,54.82,new postings
2020-04-14,US,49.33,54.93,new postings
2020-04-15,US,48.65,53.75,new postings
2020-04-16,US,48.09,52.61,new postings
2020-04-17,US,47.38,51.36,new postings
2020-04-18,US,46.92,50.42,new postings
2020-04-19,US,46.36,49.44,new postings
2020-04-20,US,45.78,48.53,new postings
2020-04-21,US,45.41,47.92,new postings
2020-04-22,US,46.09,48.48,new postings
2020-04-23,US,46.75,49.09,new postings
2020-04-24,US,47.42,49.7,new postings
2020-04-25,US,47.94,50.16,new postings
2020-04-26,US,48.64,50.77,new postings
2020-04-27,US,49.39,51.38,new postings
2020-04-28,US,49.87,51.72,new postings
2020-04-29,US,50.4,52.21,new postings
2020-04-30,US,50.88,52.7,new postings
2020-05-01,US,51.82,53.81,new postings
2020-05-02,US,52.76,55.04,new postings
2020-05-03,US,53.45,56.18,new postings
2020-05-04,US,54,57.32,new postings
2020-05-05,US,54.73,58.76,new postings
2020-05-06,US,55.76,60.55,new postings
2020-05-07,US,57.61,63.24,new postings
2020-05-08,US,59.1,65.45,new postings
2020-05-09,US,60.08,66.99,new postings
2020-05-10,US,61.17,68.47,new postings
2020-05-11,US,62.16,69.67,new postings
2020-05-12,US,63.23,70.66,new postings
2020-05-13,US,63.96,71.12,new postings
2020-05-14,US,64.98,71.71,new postings
2020-05-15,US,65,71.23,new postings
2020-05-16,US,65.45,71.15,new postings
2020-05-17,US,65.77,70.95,new postings
2020-05-18,US,66.18,70.9,new postings
2020-05-19,US,66.22,70.67,new postings
2020-05-20,US,65.87,70.07,new postings
2020-05-21,US,64.5,68.4,new postings
2020-05-22,US,64.41,68.02,new postings
2020-05-23,US,64.24,67.62,new postings
2020-05-24,US,64.22,67.32,new postings
2020-05-25,US,64.17,66.96,new postings
2020-05-26,US,63.29,65.57,new postings
2020-05-27,US,62.94,64.58,new postings
2020-05-28,US,62.88,63.74,new postings
2020-05-29,US,62.5,62.54,new postings
2020-05-30,US,60.82,60.01,new postings
2020-05-31,US,61.24,59.39,new postings
2020-06-01,US,61.79,58.85,new postings
2020-06-02,US,64.96,61.16,new postings
2020-06-03,US,67.65,63.48,new postings
2020-06-04,US,70,66.02,new postings
2020-06-05,US,72.17,68.81,new postings
2020-06-06,US,75.51,73.12,new postings
2020-06-07,US,76.47,75.56,new postings
2020-06-08,US,78.04,78.99,new postings
2020-06-09,US,77.75,80.55,new postings
2020-06-10,US,77.66,81.98,new postings
2020-06-11,US,77.73,83.16,new postings
2020-06-12,US,78.14,84.32,new postings
2020-06-13,US,79.29,85.86,new postings
2020-06-14,US,80.93,87.58,new postings
2020-06-15,US,81,87.3,new postings
2020-06-16,US,81.46,87.32,new postings
2020-06-17,US,82.04,87.42,new postings
2020-06-18,US,82.58,87.51,new postings
2020-06-19,US,82.56,87.05,new postings
2020-06-20,US,82.01,86.16,new postings
2020-06-21,US,81.36,85.23,new postings
2020-06-22,US,81.52,85.28,new postings
2020-06-23,US,81.3,84.96,new postings
2020-06-24,US,81.09,84.65,new postings
2020-06-25,US,80.83,84.25,new postings
2020-06-26,US,81.01,84.22,new postings
2020-06-27,US,81.24,84.14,new postings
2020-06-28,US,81.48,84.01,new postings
2020-06-29,US,81.84,84.03,new postings
2020-06-30,US,82.43,84.35,new postings
2020-07-01,US,83.23,84.94,new postings
2020-07-02,US,84.65,86.01,new postings
2020-07-03,US,86.43,87.2,new postings
2020-07-04,US,87.13,87.23,new postings
2020-07-05,US,87.78,87.12,new postings
2020-07-06,US,88.52,86.78,new postings
2020-07-07,US,90.71,87.39,new postings
2020-07-08,US,92.83,87.63,new postings
2020-07-09,US,93.29,86.75,new postings
2020-07-10,US,92.99,85.91,new postings
2020-07-11,US,95,87.9,new postings
2020-07-12,US,96.87,90.12,new postings
2020-07-13,US,98.24,92.5,new postings
2020-07-14,US,98.05,94.17,new postings
2020-07-15,US,96.25,94.83,new postings
2020-07-16,US,95.26,96.08,new postings
2020-07-17,US,94.62,97.27,new postings
2020-07-18,US,92.59,96.7,new postings
2020-07-19,US,90.52,95.98,new postings
2020-07-20,US,88.74,95.3,new postings
2020-07-21,US,87.19,94.57,new postings
2020-07-22,US,87.2,95.15,new postings
2020-07-23,US,87.33,95.71,new postings
2020-07-24,US,87.8,96.58,new postings
2020-07-25,US,88.34,97.54,new postings
2020-07-26,US,89.12,98.62,new postings
2020-07-27,US,89.89,99.55,new postings
2020-07-28,US,90.34,99.99,new postings
2020-07-29,US,90.36,99.94,new postings
2020-07-30,US,90.18,99.8,new postings
2020-07-31,US,89.47,99.16,new postings
2020-08-01,US,88.77,98.61,new postings
2020-08-02,US,87.98,98.03,new postings
2020-08-03,US,87.16,97.53,new postings
2020-08-04,US,86.43,97.24,new postings
2020-08-05,US,86.05,97.45,new postings
2020-08-06,US,85.84,97.77,new postings
2020-08-07,US,86.51,99.08,new postings
2020-08-08,US,87.27,100.47,new postings
2020-08-09,US,87.86,101.51,new postings
2020-08-10,US,88.58,102.58,new postings
2020-08-11,US,89.97,104.22,new postings
2020-08-12,US,91.02,105.28,new postings
2020-08-13,US,92,106.14,new postings
2020-08-14,US,92.89,106.65,new postings
2020-08-15,US,92.24,105.29,new postings
2020-08-16,US,91.95,104.38,new postings
2020-08-17,US,91.6,103.47,new postings
2020-08-18,US,90.76,102,new postings
2020-08-19,US,90.23,100.96,new postings
2020-08-20,US,89.97,100.28,new postings
2020-08-21,US,89.01,98.98,new postings
2020-08-22,US,89.57,99.44,new postings
2020-08-23,US,89.84,99.56,new postings
2020-08-24,US,90.04,99.61,new postings
2020-08-25,US,90.37,99.82,new postings
2020-08-26,US,90.45,99.78,new postings
2020-08-27,US,90.3,99.47,new postings
2020-08-28,US,90.27,99.32,new postings
2020-08-29,US,90.38,99.37,new postings
2020-08-30,US,90.65,99.63,new postings
2020-09-01,US,91.19,100.03,new postings
2020-09-02,US,92.04,100.6,new postings
2020-09-03,US,93.25,101.39,new postings
2020-09-04,US,94.71,102.42,new postings
2020-09-05,US,95.98,103.15,new postings
2020-09-06,US,97.48,103.96,new postings
2020-09-07,US,99.92,105.5,new postings
2020-09-08,US,100.17,105.16,new postings
2020-09-09,US,99.2,104.03,new postings
2020-09-10,US,98.01,103.09,new postings
2020-09-11,US,96.74,102.25,new postings
2020-09-12,US,95.71,101.77,new postings
2020-09-13,US,94.23,101.14,new postings
2020-09-14,US,91.54,99.67,new postings
2020-09-15,US,91.47,100.7,new postings
2020-09-16,US,92.54,102.57,new postings
2020-09-17,US,93.45,104,new postings
2020-09-18,US,94.05,104.97,new postings
2020-09-19,US,94.2,105.48,new postings
2020-09-20,US,94.6,106.14,new postings
2020-09-21,US,95.06,106.7,new postings
2020-09-22,US,94.77,106.42,new postings
2020-09-23,US,94.09,105.78,new postings
2020-09-24,US,93.81,105.5,new postings
2020-09-25,US,94.09,105.79,new postings
2020-09-26,US,94.78,106.4,new postings
2020-09-27,US,95.39,106.81,new postings
2020-09-28,US,96.1,107.28,new postings
2020-09-29,US,96.53,107.5,new postings
2020-09-30,US,96.83,107.63,new postings
2020-10-01,US,96.9,107.69,new postings
2020-10-02,US,96.53,107.51,new postings
2020-10-03,US,96.09,107.48,new postings
2020-10-04,US,95.73,107.67,new postings
2020-10-05,US,95.34,107.86,new postings
2020-10-06,US,95.4,108.49,new postings
2020-10-07,US,96.96,110.65,new postings
2020-10-08,US,98.65,112.71,new postings
2020-10-09,US,100.21,114.21,new postings
2020-10-10,US,101.67,115.3,new postings
2020-10-11,US,103.25,116.37,new postings
2020-10-12,US,104.88,117.35,new postings
2020-10-13,US,106.11,117.85,new postings
2020-10-14,US,106.02,116.94,new postings
2020-10-15,US,104.54,114.71,new postings
2020-10-16,US,103.64,113.41,new postings
2020-10-17,US,102.75,112.12,new postings
2020-10-18,US,101.81,110.82,new postings
2020-10-19,US,100.68,109.44,new postings
2020-10-20,US,99.99,108.61,new postings
2020-10-21,US,99.4,107.91,new postings
2020-10-22,US,100.1,108.48,new postings
2020-10-23,US,100.03,108.04,new postings
2020-10-24,US,100.16,107.89,new postings
2020-10-25,US,100.35,107.84,new postings
2020-10-26,US,100.65,107.91,new postings
2020-10-27,US,100.9,107.9,new postings
2020-10-28,US,101.04,107.77,new postings
2020-10-29,US,101.1,107.63,new postings
2020-10-30,US,101.34,107.88,new postings
2020-10-31,US,101.15,107.82,new postings
2020-11-01,US,101.11,107.96,new postings
2020-11-02,US,101.17,108.28,new postings
2020-11-03,US,101.02,108.51,new postings
2020-11-04,US,100.7,108.66,new postings
2020-11-05,US,100.06,108.67,new postings
2020-11-06,US,99.8,109.12,new postings
2020-11-07,US,100.76,110.93,new postings
2020-11-08,US,101.41,112.41,new postings
2020-11-09,US,101.51,113.23,new postings
2020-11-10,US,101.31,113.59,new postings
2020-11-11,US,101.48,114.23,new postings
2020-11-12,US,102.44,115.35,new postings
2020-11-13,US,103.35,116.06,new postings
2020-11-14,US,102.87,114.91,new postings
2020-11-15,US,101.95,113.16,new postings
2020-11-16,US,101.53,111.84,new postings
2020-11-17,US,101.57,110.99,new postings
2020-11-18,US,101.46,109.96,new postings
2020-11-19,US,101.13,108.86,new postings
2020-11-20,US,100.85,107.95,new postings
2020-11-21,US,101.33,107.67,new postings
2020-11-22,US,102.93,108.01,new postings
2020-11-23,US,105.19,108.37,new postings
2020-11-24,US,107.81,108.31,new postings
2020-11-25,US,110.71,107.83,new postings
2020-11-26,US,113,106.32,new postings
2020-11-27,US,112.95,102.68,new postings
2020-11-28,US,109.96,97.17,new postings
2020-11-29,US,105.78,91.59,new postings
2020-11-30,US,100.14,85.88,new postings
2020-12-01,US,93.94,80.92,new postings
2020-12-02,US,87.56,77.01,new postings
2020-12-03,US,81.53,74.26,new postings
2020-12-04,US,78.96,75.4,new postings
2020-12-05,US,80.15,79.88,new postings
2020-12-06,US,82.2,84.69,new postings
2020-12-07,US,85.91,90.55,new postings
2020-12-08,US,89.78,95.91,new postings
2020-12-09,US,93.49,100.49,new postings
2020-12-10,US,97.33,104.69,new postings
2020-12-11,US,100.17,107.1,new postings
2020-12-12,US,101.93,107.88,new postings
2020-12-13,US,103.61,108.39,new postings
2020-12-14,US,104.4,107.88,new postings
2020-12-15,US,104.1,106.34,new postings
2020-12-16,US,103.68,104.77,new postings
2020-12-17,US,103.2,103.19,new postings
2020-12-18,US,102.66,101.71,new postings
2020-12-19,US,101.59,100.1,new postings
2020-12-20,US,100.42,98.59,new postings
2020-12-21,US,99.34,97.27,new postings
2020-12-22,US,99.76,97.26,new postings
2020-12-23,US,100.61,97.12,new postings
2020-12-24,US,101.72,96.57,new postings
2020-12-25,US,101.51,94.24,new postings
2020-12-26,US,100.44,90.47,new postings
2020-12-27,US,99.53,86.17,new postings
2020-12-28,US,99.1,81.66,new postings
2020-12-29,US,97.87,76.3,new postings
2020-12-30,US,96.6,71.3,new postings
2020-12-31,US,94.75,66.65,new postings
2021-01-01,US,95.68,64.96,new postings
2021-01-02,US,97.82,65.41,new postings
2021-01-03,US,99.08,66.39,new postings
2021-01-04,US,99.26,67.76,new postings
2021-01-05,US,100.52,71.06,new postings
2021-01-06,US,102.73,76.22,new postings
2021-01-07,US,106.34,83.3,new postings
2021-01-08,US,109.7,91.11,new postings
2021-01-09,US,113.86,100.01,new postings
2021-01-10,US,118.78,109.47,new postings
2021-01-11,US,123.9,118.8,new postings
2021-01-12,US,127.01,125.87,new postings
2021-01-13,US,128.54,130.7,new postings
2021-01-14,US,128.8,133.46,new postings
2021-01-15,US,127.31,133.65,new postings
2021-01-16,US,125.14,132.14,new postings
2021-01-17,US,122.72,129.77,new postings
2021-01-18,US,120.5,127.2,new postings
2021-01-19,US,119.05,124.95,new postings
2021-01-20,US,118,122.96,new postings
2021-01-21,US,116.98,121.15,new postings
2021-01-22,US,115.7,119.19,new postings
2021-01-23,US,114.31,117.37,new postings
2021-01-24,US,113.38,116.12,new postings
2021-01-25,US,112.61,114.93,new postings
2021-01-26,US,113.2,115.19,new postings
2021-01-27,US,114.21,115.97,new postings
2021-01-28,US,115.75,117.24,new postings
2021-01-29,US,117.87,119.02,new postings
2021-01-30,US,119.92,120.66,new postings
2021-01-31,US,121.79,122.11,new postings
2021-02-01,US,123.82,123.82,new postings
2021-02-02,US,125.19,124.9,new postings
2021-02-03,US,126.23,125.71,new postings
2021-02-04,US,127.1,126.4,new postings
2021-02-05,US,128.11,127.49,new postings
2021-02-06,US,129.15,128.78,new postings
2021-02-07,US,131.21,131.15,new postings
2021-02-08,US,132.68,133,new postings
2021-02-09,US,133.46,134.24,new postings
2021-02-10,US,134.1,135.37,new postings
2021-02-11,US,134.36,136.06,new postings
2021-02-12,US,134.53,136.4,new postings
2021-02-13,US,134.92,136.81,new postings
2021-02-14,US,134.16,135.96,new postings
2021-02-15,US,133.51,135.07,new postings
2021-02-16,US,132.54,133.71,new postings
2021-02-17,US,131.38,132.04,new postings
2021-02-18,US,130.15,130.22,new postings
2021-02-19,US,128.66,128.26,new postings
2021-02-20,US,126.81,125.97,new postings
2021-02-21,US,124.98,123.83,new postings
2021-02-22,US,122.91,121.51,new postings
2021-02-23,US,122.41,120.89,new postings
2021-02-24,US,122.62,121.12,new postings
2021-02-25,US,123.3,121.96,new postings
2021-02-26,US,124.3,123.11,new postings
2021-02-27,US,125.42,124.59,new postings
2021-02-28,US,126.42,126.16,new postings
2021-03-01,US,127.78,128.31,new postings
2021-03-02,US,129.16,130.69,new postings
2021-03-03,US,130.34,133.09,new postings
2021-03-04,US,131.02,135.4,new postings
2021-03-05,US,131.76,138.26,new postings
2021-03-06,US,132.09,140.8,new postings
2021-03-07,US,133.55,144.58,new postings
2021-03-08,US,134.88,148.14,new postings
2021-03-09,US,134.61,149.74,new postings
2021-03-10,US,133.71,150.44,new postings
2021-03-11,US,133.29,150.96,new postings
2021-03-12,US,133.15,151,new postings
2021-03-13,US,133.88,151.51,new postings
2021-03-14,US,133.82,150.64,new postings
2021-03-15,US,133.64,149.35,new postings
2021-03-16,US,134.13,148.75,new postings
2021-03-17,US,135.42,148.99,new postings
2021-03-18,US,136.54,149.12,new postings
2021-03-19,US,137.36,149.15,new postings
2021-03-20,US,137.99,149.24,new postings
2021-03-21,US,138.7,149.73,new postings
2021-03-22,US,139.16,150,new postings
2021-03-23,US,141.16,151.77,new postings
2021-03-24,US,143.12,153.4,new postings
2021-03-25,US,144.19,154.33,new postings
2021-03-26,US,145.33,155.43,new postings
2021-03-27,US,146.4,156.22,new postings
2021-03-28,US,147.12,156.5,new postings
2021-03-29,US,148.33,157.44,new postings
2021-03-30,US,147.59,156.59,new postings
2021-03-31,US,146.37,155.39,new postings
2021-04-01,US,145.98,154.97,new postings
2021-04-02,US,146.02,155.03,new postings
2021-04-03,US,145.45,154.96,new postings
2021-04-04,US,144.75,155.15,new postings
2021-04-05,US,143.9,155.35,new postings
2021-04-06,US,143.18,155.75,new postings
2021-04-07,US,143.66,157.6,new postings
2021-04-08,US,144.07,159.51,new postings
2021-04-09,US,143.74,160.64,new postings
2021-04-10,US,144.33,162.15,new postings
2021-04-11,US,145.55,163.85,new postings
2021-04-12,US,147.26,165.62,new postings
2021-04-13,US,150.26,168.33,new postings
2021-04-14,US,152.65,169.9,new postings
2021-04-15,US,154.71,170.78,new postings
2021-04-16,US,156.96,171.5,new postings
2021-04-17,US,158.91,172.03,new postings
2021-04-18,US,160.54,172.3,new postings
2021-04-19,US,162.01,172.63,new postings
2021-04-20,US,161.9,171.57,new postings
2021-04-21,US,161.4,170.36,new postings
2021-04-22,US,160.88,169.26,new postings
2021-04-23,US,160.3,168.34,new postings
2021-04-24,US,159.51,167.23,new postings
2021-04-25,US,158.65,166.03,new postings
2021-04-26,US,157.82,164.74,new postings
2021-04-27,US,157.45,163.82,new postings
2021-04-28,US,156.86,162.72,new postings
2021-04-29,US,156.77,162.41,new postings
2021-04-30,US,156.42,162.02,new postings
2021-05-01,US,156.15,162.09,new postings
2021-05-02,US,156.13,162.79,new postings
2021-05-03,US,155.81,163.67,new postings
2021-05-04,US,155.76,165.23,new postings
2021-05-05,US,155.54,166.91,new postings
2021-05-06,US,155.36,168.57,new postings
2021-05-07,US,155.3,170.31,new postings
2021-05-08,US,156.37,173,new postings
2021-05-09,US,156.37,174.23,new postings
2021-05-10,US,156.64,175.27,new postings
2021-05-11,US,156.68,175.59,new postings
2021-05-12,US,157.5,176,new postings
2021-05-13,US,158.55,176.28,new postings
2021-05-14,US,159.74,176.38,new postings
2021-05-15,US,158.98,174.33,new postings
2021-05-16,US,158.42,172.31,new postings
2021-05-17,US,158.51,171.06,new postings
2021-05-18,US,158.66,170.01,new postings
2021-05-19,US,157.81,168.41,new postings
2021-05-20,US,156.97,166.94,new postings
2021-05-21,US,156.21,165.65,new postings
2021-05-22,US,155.69,164.41,new postings
2021-05-23,US,156.06,164.28,new postings
2021-05-24,US,155.73,163.28,new postings
2021-05-25,US,155.51,162.3,new postings
2021-05-26,US,156.29,161.85,new postings
2021-05-27,US,157.57,161.5,new postings
2021-05-28,US,159.23,161.14,new postings
2021-05-29,US,161.46,161.32,new postings
2021-05-30,US,163.76,161.14,new postings
2021-05-31,US,166.23,160.99,new postings
2021-06-01,US,165.73,158.05,new postings
2021-06-02,US,164.94,155.57,new postings
2021-06-03,US,163,153.02,new postings
2021-06-04,US,160.2,150.83,new postings
2021-06-05,US,157.28,149.41,new postings
2021-06-06,US,153.6,148.27,new postings
2021-06-07,US,150.34,148.41,new postings
2021-06-08,US,152.33,154.38,new postings
2021-06-09,US,153.45,159.21,new postings
2021-06-10,US,154.58,163.39,new postings
2021-06-11,US,156.32,167.37,new postings
2021-06-12,US,157.93,170.46,new postings
2021-06-13,US,160.25,173.56,new postings
2021-06-14,US,162,175.38,new postings
2021-06-15,US,160.69,173.26,new postings
2021-06-16,US,159.98,171.53,new postings
2021-06-17,US,160.43,170.97,new postings
2021-06-18,US,160.35,169.9,new postings
2021-06-19,US,160.42,169.14,new postings
2021-06-20,US,160.12,168.21,new postings
2021-06-21,US,159.83,167.44,new postings
2021-06-22,US,160.78,168.19,new postings
2021-06-23,US,161.9,169.19,new postings
2021-06-24,US,162.02,169.17,new postings
2021-06-25,US,162.33,169.34,new postings
2021-06-26,US,162.8,169.63,new postings
2021-06-27,US,162.97,169.49,new postings
2021-06-28,US,163.04,169.17,new postings
2021-06-29,US,162.7,168.35,new postings
2021-06-30,US,162.13,167.27,new postings
2021-07-01,US,161.55,166.19,new postings
2021-07-02,US,162.24,166.07,new postings
2021-07-03,US,163.56,166.05,new postings
2021-07-04,US,165.44,166.25,new postings
2021-07-05,US,167.57,166.52,new postings
2021-07-06,US,167.76,164.5,new postings
2021-07-07,US,169.26,163.14,new postings
2021-07-08,US,171.65,162.22,new postings
2021-07-09,US,171.82,160,new postings
2021-07-10,US,170.59,157.84,new postings
2021-07-11,US,168.67,156.07,new postings
2021-07-12,US,166.42,154.62,new postings
2021-07-13,US,168.58,158.63,new postings
2021-07-14,US,169.09,162.37,new postings
2021-07-15,US,167.4,165.09,new postings
2021-07-16,US,166.29,168.03,new postings
2021-07-17,US,166.34,171.39,new postings
2021-07-18,US,167,174.7,new postings
2021-07-19,US,167.37,177.57,new postings
2021-07-20,US,164.56,176.77,new postings
2021-07-21,US,161.62,175.28,new postings
2021-07-22,US,159.69,174.18,new postings
2021-07-23,US,158.42,173.55,new postings
2021-07-24,US,156.04,171.57,new postings
2021-07-25,US,153.73,169.69,new postings
2021-07-26,US,151.93,168.11,new postings
2021-07-27,US,150.73,166.92,new postings
2021-07-28,US,150.13,166.17,new postings
2021-07-29,US,149.78,165.67,new postings
2021-07-30,US,148.87,164.76,new postings
2021-07-31,US,148.86,164.99,new postings
2021-08-01,US,148.7,165.21,new postings
2021-08-02,US,149.03,166.1,new postings
2021-08-03,US,149.56,167.38,new postings
2021-08-04,US,149.91,168.72,new postings
2021-08-05,US,150.42,170.39,new postings
2021-08-06,US,151.12,172.14,new postings
2021-08-07,US,151.26,173.21,new postings
2021-08-08,US,152.38,175.38,new postings
2021-08-09,US,152.19,175.81,new postings
2021-08-10,US,151.99,175.99,new postings
2021-08-11,US,152.13,176.24,new postings
2021-08-12,US,152.72,176.66,new postings
2021-08-13,US,153.44,177.03,new postings
2021-08-14,US,155.05,178.05,new postings
2021-08-15,US,154.67,176.52,new postings
2021-08-16,US,154.98,175.89,new postings
2021-08-17,US,155.89,176.03,new postings
2021-08-18,US,156.31,175.64,new postings
2021-08-19,US,156.11,174.64,new postings
2021-08-20,US,156.03,173.91,new postings
2021-08-21,US,156.4,173.91,new postings
2021-08-22,US,157.84,175.23,new postings
2021-08-23,US,159.37,176.6,new postings
2021-08-24,US,159.2,176.12,new postings
2021-08-25,US,159.84,176.56,new postings
2021-08-26,US,160.68,177.24,new postings
2021-08-27,US,160.4,176.7,new postings
2021-08-28,US,159,174.95,new postings
2021-08-29,US,157.66,173.35,new postings
2021-08-30,US,156.16,171.64,new postings
2021-09-01,US,155.3,170.39,new postings
2021-09-02,US,155.38,169.85,new postings
2021-09-03,US,155.66,169.28,new postings
2021-09-04,US,157,169.8,new postings
2021-09-05,US,159.62,171.54,new postings
2021-09-06,US,161.76,172.49,new postings
2021-09-07,US,161.32,170.42,new postings
2021-09-08,US,161.66,169.81,new postings
2021-09-09,US,159.27,167.12,new postings
2021-09-10,US,156.45,164.64,new postings
2021-09-11,US,153.44,162.23,new postings
2021-09-12,US,149.9,159.47,new postings
2021-09-13,US,146.22,157.07,new postings
2021-09-14,US,147.69,160.88,new postings
2021-09-15,US,148.25,163.29,new postings
2021-09-16,US,149.95,166.27,new postings
2021-09-17,US,151.96,169.17,new postings
2021-09-18,US,153.96,171.88,new postings
2021-09-19,US,155.65,174.31,new postings
2021-09-20,US,157.32,176.52,new postings
2021-09-21,US,156.15,175.28,new postings
2021-09-22,US,156.29,175.52,new postings
2021-09-23,US,156.58,176.03,new postings
2021-09-24,US,156.57,176.09,new postings
2021-09-25,US,156.38,175.84,new postings
2021-09-26,US,156.44,175.64,new postings
2021-09-27,US,156.78,175.59,new postings
2021-09-28,US,156.95,175.25,new postings
2021-09-29,US,155.92,173.66,new postings
2021-09-30,US,154.33,171.56,new postings
2021-10-01,US,153.69,170.8,new postings
2021-10-02,US,153.72,171.21,new postings
2021-10-03,US,153.47,171.7,new postings
2021-10-04,US,152.97,172.1,new postings
2021-10-05,US,153.11,173.27,new postings
2021-10-06,US,154,175.16,new postings
2021-10-07,US,155.79,177.79,new postings
2021-10-08,US,157.01,179.43,new postings
2021-10-09,US,157.62,179.71,new postings
2021-10-10,US,158.3,179.6,new postings
2021-10-11,US,159.24,179.54,new postings
2021-10-12,US,159.25,178.25,new postings
2021-10-13,US,158.92,176.53,new postings
2021-10-14,US,158.73,175.1,new postings
2021-10-15,US,157.29,172.61,new postings
2021-10-16,US,155.87,170.57,new postings
2021-10-17,US,155.52,169.68,new postings
2021-10-18,US,155.03,168.73,new postings
2021-10-19,US,155.34,168.83,new postings
2021-10-20,US,155.67,169.08,new postings
2021-10-21,US,155.42,168.72,new postings
2021-10-22,US,156.11,169.17,new postings
2021-10-23,US,157.45,170.06,new postings
2021-10-24,US,157.41,169.55,new postings
2021-10-25,US,157.26,168.98,new postings
2021-10-26,US,156.91,168.22,new postings
2021-10-27,US,156.67,167.55,new postings
2021-10-28,US,156.55,166.98,new postings
2021-10-29,US,156.37,166.46,new postings
2021-10-30,US,155.59,165.63,new postings
2021-10-31,US,155.44,165.7,new postings
2021-11-01,US,156.15,166.77,new postings
2021-11-02,US,157.8,168.97,new postings
2021-11-03,US,159.51,171.42,new postings
2021-11-04,US,160.98,173.8,new postings
2021-11-05,US,162.41,176.49,new postings
2021-11-06,US,163.74,179.11,new postings
2021-11-07,US,165.23,181.95,new postings
2021-11-08,US,166.16,184.14,new postings
2021-11-09,US,164.88,183.85,new postings
2021-11-10,US,163.69,183.49,new postings
2021-11-11,US,163.79,184.35,new postings
2021-11-12,US,163.73,184.36,new postings
2021-11-13,US,163.59,183.74,new postings
2021-11-14,US,162.7,181.77,new postings
2021-11-15,US,160.91,178.63,new postings
2021-11-16,US,160.77,177.13,new postings
2021-11-17,US,160.05,174.93,new postings
2021-11-18,US,158.13,171.39,new postings
2021-11-19,US,157.34,169.36,new postings
2021-11-20,US,156.4,167.43,new postings
2021-11-21,US,156.86,166.68,new postings
2021-11-22,US,159.01,166.85,new postings
2021-11-23,US,162.04,166.92,new postings
2021-11-24,US,166.14,166.88,new postings
2021-11-25,US,170.53,166.11,new postings
2021-11-26,US,170.89,161.09,new postings
2021-11-27,US,169.05,154.19,new postings
2021-11-28,US,165.38,146.41,new postings
2021-11-29,US,160.49,139.14,new postings
2021-11-30,US,153.48,131.88,new postings
2021-12-01,US,147.05,127.23,new postings
2021-12-02,US,140.76,124.73,new postings
2021-12-03,US,140.17,128.94,new postings
2021-12-04,US,143.63,138.07,new postings
2021-12-05,US,147.58,147.62,new postings
2021-12-06,US,151.97,156.74,new postings
2021-12-07,US,158.02,166.41,new postings
2021-12-08,US,162.45,173.41,new postings
2021-12-09,US,165.9,178.24,new postings
2021-12-10,US,166.87,179.57,new postings
2021-12-11,US,166.22,177.87,new postings
2021-12-12,US,166.77,176.62,new postings
2021-12-13,US,167.26,175.06,new postings
2021-12-14,US,167.11,172.72,new postings
2021-12-15,US,166.39,169.95,new postings
2021-12-16,US,166.07,167.78,new postings
2021-12-17,US,166.56,166.48,new postings
2021-12-18,US,167.22,165.64,new postings
2021-12-19,US,166.8,164.31,new postings
2021-12-20,US,165.9,162.86,new postings
2021-12-21,US,164.83,161.4,new postings
2021-12-22,US,164.64,160.54,new postings
2021-12-23,US,165.02,159.39,new postings
2021-12-24,US,164.02,155.94,new postings
2021-12-25,US,161.38,150.22,new postings
2021-12-26,US,159.66,143.86,new postings
2021-12-27,US,159.87,137.95,new postings
2021-12-28,US,160.69,131.63,new postings
2021-12-29,US,161.23,124.78,new postings
2021-12-30,US,161.71,118.51,new postings
2021-12-31,US,162.87,114.06,new postings
2022-01-01,US,166.55,113.2,new postings
2022-01-02,US,169.91,113.76,new postings
2022-01-03,US,170.81,114.53,new postings
2022-01-04,US,171.34,117.08,new postings
2022-01-05,US,172.36,121.92,new postings
2022-01-06,US,173.1,128.22,new postings
2022-01-07,US,174.72,136.42,new postings
2022-01-08,US,177.62,146.57,new postings
2022-01-09,US,178.19,155.19,new postings
2022-01-10,US,179,163.49,new postings
2022-01-11,US,179.23,170.64,new postings
2022-01-12,US,178.94,176.65,new postings
2022-01-13,US,178.65,181.29,new postings
2022-01-14,US,177.49,183.77,new postings
2022-01-15,US,173.55,182.25,new postings
2022-01-16,US,171.6,181.25,new postings
2022-01-17,US,170.98,180.78,new postings
2022-01-18,US,169.91,179.33,new postings
2022-01-19,US,168.87,177.21,new postings
2022-01-20,US,168.03,175.08,new postings
2022-01-21,US,167.27,173.21,new postings
2022-01-22,US,167.09,172.11,new postings
2022-01-23,US,166.91,171.36,new postings
2022-01-24,US,165.43,169.4,new postings
2022-01-25,US,165.93,169.34,new postings
2022-01-26,US,167.29,170.23,new postings
2022-01-27,US,168.55,171.11,new postings
2022-01-28,US,169.66,171.74,new postings
2022-01-29,US,171,172.58,new postings
2022-01-30,US,172.61,173.57,new postings
2022-01-31,US,174.53,174.88,new postings
2022-02-01,US,176.11,175.99,new postings
2022-02-02,US,177.92,177.38,new postings
2022-02-03,US,180.11,179.26,new postings
2022-02-04,US,182.25,181.24,new postings
2022-02-05,US,184.03,183.14,new postings
2022-02-06,US,185.36,184.83,new postings
2022-02-07,US,188.24,188.14,new postings
2022-02-08,US,190.05,190.49,new postings
2022-02-09,US,190.31,191.41,new postings
2022-02-10,US,189.95,191.74,new postings
2022-02-11,US,189.45,191.83,new postings
2022-02-12,US,189.23,191.85,new postings
2022-02-13,US,189.09,191.75,new postings
2022-02-14,US,187.78,190.29,new postings
2022-02-15,US,185.53,187.71,new postings
2022-02-16,US,184.23,185.86,new postings
2022-02-17,US,183.89,184.81,new postings
2022-02-18,US,183.96,184.02,new postings
2022-02-19,US,183.62,183.02,new postings
2022-02-20,US,183.72,182.45,new postings
2022-02-21,US,183.89,182.14,new postings
2022-02-22,US,184.32,182.2,new postings
2022-02-23,US,184.56,182.26,new postings
2022-02-24,US,183.33,181.07,new postings
2022-02-25,US,181.63,179.63,new postings
2022-02-26,US,180.39,178.62,new postings
2022-02-27,US,178.41,177.18,new postings
2022-02-28,US,176.12,175.7,new postings
2022-03-01,US,176.13,176.85,new postings
2022-03-02,US,176.76,178.89,new postings
2022-03-03,US,178.18,181.99,new postings
2022-03-04,US,179.38,185.41,new postings
2022-03-05,US,179.92,188.75,new postings
2022-03-06,US,180.3,192.12,new postings
2022-03-07,US,181.7,196.54,new postings
2022-03-08,US,181.39,199.07,new postings
2022-03-09,US,179.61,199.71,new postings
2022-03-10,US,177.61,199.79,new postings
2022-03-11,US,176.37,199.74,new postings
2022-03-12,US,175.95,199.54,new postings
2022-03-13,US,176.17,199.36,new postings
2022-03-14,US,175.8,197.92,new postings
2022-03-15,US,174.54,195.13,new postings
2022-03-16,US,174.04,193.09,new postings
2022-03-17,US,174.17,191.69,new postings
2022-03-18,US,174.19,190.28,new postings
2022-03-19,US,173.9,188.85,new postings
2022-03-20,US,173.01,187.13,new postings
2022-03-21,US,171.76,185.42,new postings
2022-03-22,US,171.82,185.21,new postings
2022-03-23,US,172.42,185.4,new postings
2022-03-24,US,171.99,184.37,new postings
2022-03-25,US,171.34,183.43,new postings
2022-03-26,US,171.2,183.13,new postings
2022-03-27,US,171.59,183.12,new postings
2022-03-28,US,172.07,183.06,new postings
2022-03-29,US,172.12,182.69,new postings
2022-03-30,US,171.77,182.25,new postings
2022-03-31,US,172.02,182.62,new postings
2022-04-01,US,172.82,183.47,new postings
2022-04-02,US,173.97,184.72,new postings
2022-04-03,US,174.62,186.07,new postings
2022-04-04,US,174.84,187.44,new postings
2022-04-05,US,175.22,189.19,new postings
2022-04-06,US,175.3,190.72,new postings
2022-04-07,US,176.17,193.26,new postings
2022-04-08,US,176.2,195.06,new postings
2022-04-09,US,173.44,193.75,new postings
2022-04-10,US,171.53,192.66,new postings
2022-04-11,US,170.2,191.58,new postings
2022-04-12,US,169.1,190.22,new postings
2022-04-13,US,168.68,189.06,new postings
2022-04-14,US,167.94,187.03,new postings
2022-04-15,US,166.57,183.96,new postings
2022-04-16,US,167.37,182.98,new postings
2022-04-17,US,168.32,182.27,new postings
2022-04-18,US,169.13,181.54,new postings
2022-04-19,US,169.61,180.74,new postings
2022-04-20,US,169.59,179.71,new postings
2022-04-21,US,169.4,178.79,new postings
2022-04-22,US,170.15,179.01,new postings
2022-04-23,US,170.98,179.55,new postings
2022-04-24,US,170.63,178.88,new postings
2022-04-25,US,170.54,178.47,new postings
2022-04-26,US,171.3,178.8,new postings
2022-04-27,US,172.04,178.99,new postings
2022-04-28,US,173.42,179.87,new postings
2022-04-29,US,174.52,180.78,new postings
2022-04-30,US,174.98,181.24,new postings
2022-05-01,US,177,183.77,new postings
2022-05-02,US,178.79,186.47,new postings
2022-05-03,US,179.64,188.74,new postings
2022-05-04,US,180.16,191.11,new postings
2022-05-05,US,179.55,192.67,new postings
2022-05-06,US,179.04,194.22,new postings
2022-05-07,US,179.73,197.04,new postings
2022-05-08,US,179.49,198.55,new postings
2022-05-09,US,177.84,198.14,new postings
2022-05-10,US,176.8,197.83,new postings
2022-05-11,US,175.58,196.79,new postings
2022-05-12,US,175.63,196.27,new postings
2022-05-13,US,175.73,195.42,new postings
2022-05-14,US,175.2,193.47,new postings
2022-05-15,US,173.39,190.13,new postings
2022-05-16,US,173.36,188.55,new postings
2022-05-17,US,173.3,187.01,new postings
2022-05-18,US,174.25,186.71,new postings
2022-05-19,US,174.02,185.69,new postings
2022-05-20,US,173.89,184.93,new postings
2022-05-21,US,173.53,184.01,new postings
2022-05-22,US,175.15,184.94,new postings
2022-05-23,US,176.21,185.47,new postings
2022-05-24,US,176.66,185.21,new postings
2022-05-25,US,176.68,184.38,new postings
2022-05-26,US,177.12,183.41,new postings
2022-05-27,US,178.42,182.9,new postings
2022-05-28,US,179.85,182.12,new postings
2022-05-29,US,180.74,180.66,new postings
2022-05-30,US,182.27,179.4,new postings
2022-05-31,US,180.97,175.46,new postings
2022-06-01,US,180.67,172.39,new postings
2022-06-02,US,180.84,170.6,new postings
2022-06-03,US,179.11,168.18,new postings
2022-06-04,US,177.29,167,new postings
2022-06-05,US,174.81,166.22,new postings
2022-06-06,US,171.25,165.48,new postings
2022-06-07,US,173.41,171.26,new postings
2022-06-08,US,175.36,177.72,new postings
2022-06-09,US,174.84,181.36,new postings
2022-06-10,US,173.83,183.6,new postings
2022-06-11,US,173.51,185.61,new postings
2022-06-12,US,173.88,187.54,new postings
2022-06-13,US,175.54,189.99,new postings
2022-06-14,US,174.59,188.92,new postings
2022-06-15,US,171.75,185.1,new postings
2022-06-16,US,170.65,182.88,new postings
2022-06-17,US,171.87,183.09,new postings
2022-06-18,US,172.19,182.42,new postings
2022-06-19,US,172.45,181.82,new postings
2022-06-20,US,171.84,180.5,new postings
2022-06-21,US,170.78,178.92,new postings
2022-06-22,US,170.85,178.72,new postings
2022-06-23,US,170.47,178.15,new postings
2022-06-24,US,168.34,175.73,new postings
2022-06-25,US,166.09,173.14,new postings
2022-06-26,US,163.76,170.3,new postings
2022-06-27,US,161.9,167.73,new postings
2022-06-28,US,161.22,166.26,new postings
2022-06-29,US,160.59,164.91,new postings
2022-06-30,US,160.57,164.31,new postings
2022-07-01,US,162.35,165.68,new postings
2022-07-02,US,165.35,168.02,new postings
2022-07-03,US,169.08,170.61,new postings
2022-07-04,US,173.54,173.63,new postings
2022-07-05,US,174.67,173.28,new postings
2022-07-06,US,176.16,172.66,new postings
2022-07-07,US,179.74,173.2,new postings
2022-07-08,US,183.05,172.88,new postings
2022-07-09,US,183.03,170.37,new postings
2022-07-10,US,181.15,167.52,new postings
2022-07-11,US,177.58,164.17,new postings
2022-07-12,US,179.71,167,new postings
2022-07-13,US,180.8,170.04,new postings
2022-07-14,US,178.46,171.19,new postings
2022-07-15,US,173.66,171.05,new postings
2022-07-16,US,171.15,172.66,new postings
2022-07-17,US,170.08,174.99,new postings
2022-07-18,US,170.05,177.63,new postings
2022-07-19,US,167,177.14,new postings
2022-07-20,US,164.43,176.65,new postings
2022-07-21,US,162.3,176.05,new postings
2022-07-22,US,162.52,177.31,new postings
2022-07-23,US,162.61,178.19,new postings
2022-07-24,US,161.72,177.86,new postings
2022-07-25,US,160.45,177.13,new postings
2022-07-26,US,158.98,175.92,new postings
2022-07-27,US,157.67,174.62,new postings
2022-07-28,US,157.23,174.04,new postings
2022-07-29,US,156.27,172.85,new postings
2022-07-30,US,155.79,172.42,new postings
2022-07-31,US,155.75,172.64,new postings
2022-08-01,US,156.32,173.69,new postings
2022-08-02,US,157.74,175.83,new postings
2022-08-03,US,159.51,178.54,new postings
2022-08-04,US,160.41,180.54,new postings
2022-08-05,US,162.07,183.6,new postings
2022-08-06,US,163.26,185.97,new postings
2022-08-07,US,164.17,188.01,new postings
2022-08-08,US,164.51,189.34,new postings
2022-08-09,US,163.85,189.28,new postings
2022-08-10,US,162.68,188.37,new postings
2022-08-11,US,161.96,187.63,new postings
2022-08-12,US,160.56,185.76,new postings
2022-08-13,US,159.81,184.41,new postings
2022-08-14,US,159.78,183.49,new postings
2022-08-15,US,159.06,181.54,new postings
2022-08-16,US,158.89,180.33,new postings
2022-08-17,US,159.46,180.05,new postings
2022-08-18,US,160.19,179.98,new postings
2022-08-19,US,161.06,180.17,new postings
2022-08-20,US,161.42,179.9,new postings
2022-08-21,US,161.33,179.39,new postings
2022-08-22,US,162.06,179.92,new postings
2022-08-23,US,162.55,180.14,new postings
2022-08-24,US,162.27,179.53,new postings
2022-08-25,US,161.96,178.9,new postings
2022-08-26,US,161.25,177.88,new postings
2022-08-27,US,160.89,177.24,new postings
2022-08-28,US,160.57,176.67,new postings
2022-08-29,US,160.18,176.13,new postings
2022-08-30,US,159.72,175.55,new postings
2022-09-01,US,160.43,176,new postings
2022-09-02,US,162.26,177.34,new postings
2022-09-03,US,164.74,179.12,new postings
2022-09-04,US,167.36,180.96,new postings
2022-09-05,US,169.54,182.18,new postings
2022-09-06,US,168.96,180.24,new postings
2022-09-07,US,170.11,179.77,new postings
2022-09-08,US,170.14,178.75,new postings
2022-09-09,US,167.12,175.37,new postings
2022-09-10,US,163.59,172.16,new postings
2022-09-11,US,159.85,169.03,new postings
2022-09-12,US,156.4,166.42,new postings
2022-09-13,US,158.4,170.18,new postings
2022-09-14,US,158.84,173.06,new postings
2022-09-15,US,158.25,174.32,new postings
2022-09-16,US,159.28,176.6,new postings
2022-09-17,US,160.42,178.56,new postings
2022-09-18,US,161.7,180.51,new postings
2022-09-19,US,162.5,181.95,new postings
2022-09-20,US,160.1,179.64,new postings
2022-09-21,US,157.93,177.28,new postings
2022-09-22,US,157.34,176.7,new postings
2022-09-23,US,157.24,176.76,new postings
2022-09-24,US,156.65,176.17,new postings
2022-09-25,US,156.09,175.51,new postings
2022-09-26,US,156.08,175.23,new postings
2022-09-27,US,156.62,175.4,new postings
2022-09-28,US,156.6,174.86,new postings
2022-09-29,US,155.85,173.58,new postings
2022-09-30,US,154.66,171.93,new postings
2022-10-01,US,154.82,172.06,new postings
2022-10-02,US,154.58,172.17,new postings
2022-10-03,US,153.92,172.19,new postings
2022-10-04,US,153.12,172.24,new postings
2022-10-05,US,152.97,173.07,new postings
2022-10-06,US,153.32,174.35,new postings
2022-10-07,US,155.24,177.14,new postings
2022-10-08,US,156.47,178.8,new postings
2022-10-09,US,157.5,179.55,new postings
2022-10-10,US,158.95,180.3,new postings
2022-10-11,US,160.24,180.65,new postings
2022-10-12,US,161.46,180.71,new postings
2022-10-13,US,162.77,180.79,new postings
2022-10-14,US,162.86,179.64,new postings
2022-10-15,US,161.33,177.02,new postings
2022-10-16,US,160.3,175.39,new postings
2022-10-17,US,159.21,173.71,new postings
2022-10-18,US,158.56,172.59,new postings
2022-10-19,US,157.61,171.31,new postings
2022-10-20,US,156.39,169.87,new postings
2022-10-21,US,155.01,168.29,new postings
2022-10-22,US,154.57,167.52,new postings
2022-10-23,US,154.48,166.86,new postings
2022-10-24,US,154.22,166.13,new postings
2022-10-25,US,153.8,165.28,new postings
2022-10-26,US,153.6,164.68,new postings
2022-10-27,US,153.56,164.22,new postings
2022-10-28,US,153.32,163.53,new postings
2022-10-29,US,153.71,163.63,new postings
2022-10-30,US,153.61,163.53,new postings
2022-10-31,US,153.4,163.52,new postings
2022-11-01,US,153.61,164.02,new postings
2022-11-02,US,153.84,164.67,new postings
2022-11-03,US,154.75,166.24,new postings
2022-11-04,US,156.47,168.89,new postings
2022-11-05,US,157.42,171.03,new postings
2022-11-06,US,158.37,173.22,new postings
2022-11-07,US,160.32,176.55,new postings
2022-11-08,US,161.56,179.08,new postings
2022-11-09,US,161.54,180.14,new postings
2022-11-10,US,160.41,179.81,new postings
2022-11-11,US,158.62,178.52,new postings
2022-11-12,US,157.43,177.27,new postings
2022-11-13,US,156.69,176,new postings
2022-11-14,US,155.35,173.55,new postings
2022-11-15,US,153.23,170.1,new postings
2022-11-16,US,152.14,167.59,new postings
2022-11-17,US,151.61,165.66,new postings
2022-11-18,US,151.21,163.86,new postings
2022-11-19,US,150.96,162.5,new postings
2022-11-20,US,150.55,161.17,new postings
2022-11-21,US,150.29,159.7,new postings
2022-11-22,US,151.76,159.3,new postings
2022-11-23,US,154.3,159.05,new postings
2022-11-24,US,156.51,157.44,new postings
2022-11-25,US,156.61,153.1,new postings
2022-11-26,US,154.71,146.5,new postings
2022-11-27,US,153.03,139.82,new postings
2022-11-28,US,150.68,133.42,new postings
2022-11-29,US,147.01,127.41,new postings
2022-11-30,US,141.21,121.31,new postings
2022-12-01,US,136.35,118.02,new postings
2022-12-02,US,135.94,120.71,new postings
2022-12-03,US,139.1,128.08,new postings
2022-12-04,US,141.11,135.59,new postings
2022-12-05,US,143.05,142.93,new postings
2022-12-06,US,145.41,149.74,new postings
2022-12-07,US,150.14,157.88,new postings
2022-12-08,US,153.69,163.82,new postings
2022-12-09,US,154.29,165.68,new postings
2022-12-10,US,152.85,164.48,new postings
2022-12-11,US,152.72,163.38,new postings
2022-12-12,US,153.37,162.4,new postings
2022-12-13,US,154.48,161.68,new postings
2022-12-14,US,154.31,159.49,new postings
2022-12-15,US,153.49,156.78,new postings
2022-12-16,US,153.2,154.79,new postings
2022-12-17,US,153.53,153.49,new postings
2022-12-18,US,153.46,152.01,new postings
2022-12-19,US,152.64,150.37,new postings
2022-12-20,US,151.27,148.51,new postings
2022-12-21,US,149.74,146.63,new postings
2022-12-22,US,149.07,145.36,new postings
2022-12-23,US,148.61,143.55,new postings
2022-12-24,US,147.28,140.08,new postings
2022-12-25,US,146.87,136.48,new postings
2022-12-26,US,148.02,132.81,new postings
2022-12-27,US,147.82,127.2,new postings
2022-12-28,US,148.41,121.45,new postings
2022-12-29,US,149.76,115.88,new postings
2022-12-30,US,151.33,111.04,new postings
